appid,n_early_access,n_post_launch,n_ea_authors,n_overlap_authors,pct_of_post_launch_excluded
1000030,620,1115,620,0,0.0
1000080,21,133,21,0,0.0
1000360,43,0,43,0,
1004270,508,69,508,0,0.0
1005400,69,104,69,0,0.0
1005930,199,0,199,0,
1010860,22,90,22,0,0.0
1011290,23,160,23,0,0.0
1012110,1280,0,1280,0,
1013320,1853,597,1853,0,0.0
1015140,214,352,214,0,0.0
1016920,214,705,214,0,0.0
1018830,391,1501,391,0,0.0
1020800,179,0,179,0,
1020910,20,28,20,0,0.0
1022310,198,767,198,0,0.0
1022450,816,0,816,0,
1025600,2213,470,2213,0,0.0
1026840,1036,0,1036,0,
1029210,856,1092,856,0,0.0
1029550,154,1049,154,0,0.0
1030210,152,1166,152,0,0.0
1032700,72,105,72,0,0.0
1032790,17,47,17,0,0.0
1033410,196,0,196,0,
1035510,42,1160,42,0,0.0
1037080,130,41,130,0,0.0
1043340,1598,0,1598,0,
1046930,175,1602,175,0,0.0
1048100,58,945,58,0,0.0
1049590,460,1123,460,0,0.0
1049800,23,156,23,0,0.0
1051690,859,2444,859,0,0.0
1053680,3044,0,3044,0,
1054340,282,0,282,0,
1054430,331,142,331,0,0.0
1054510,1424,450,1424,0,0.0
1054690,40,108,40,0,0.0
1055210,6,129,6,0,0.0
1055610,185,179,185,0,0.0
1057640,332,448,332,0,0.0
1057700,2236,381,2236,0,0.0
1058650,3823,1413,3823,0,0.0
1058830,1638,1056,1638,0,0.0
1059220,955,0,955,0,
1060230,1449,0,1449,0,
1062520,722,1168,722,0,0.0
1062810,1917,1164,1917,0,0.0
1062830,371,635,371,0,0.0
1063420,3074,1964,3074,0,0.0
1063580,17,296,17,0,0.0
1063590,142,111,142,0,0.0
1064340,625,0,625,0,
1066130,2,27,2,0,0.0
1066180,131,84,131,0,0.0
1066890,90,519,90,0,0.0
1070580,307,1895,307,0,0.0
1074630,107,88,107,0,0.0
1076500,132,300,132,0,0.0
1077290,604,0,604,0,
1078200,104,244,104,0,0.0
1078920,200,793,200,0,0.0
1079230,182,0,182,0,
1079620,584,0,584,0,
1080010,30,162,30,0,0.0
1081670,13,63,13,0,0.0
1082450,239,0,239,0,
1084520,147,0,147,0,
1084600,263,1613,263,0,0.0
108600,1496,0,1496,0,
1086410,86,602,86,0,0.0
1086940,704,2799,704,0,0.0
1088090,5642,43,5642,0,0.0
1088150,5,979,5,0,0.0
1088790,1049,1834,1049,0,0.0
1090250,531,0,531,0,
1092630,50,840,50,0,0.0
1094780,430,153,430,0,0.0
1096200,759,0,759,0,
1096530,268,2295,268,0,0.0
1097430,692,15,692,0,0.0
1097620,435,236,435,0,0.0
1100990,195,1228,195,0,0.0
1101190,732,2757,732,0,0.0
1103880,99,310,99,0,0.0
1104450,2568,505,2568,0,0.0
1105130,521,0,521,0,
1105810,185,0,185,0,
1106340,137,759,137,0,0.0
1107320,2888,0,2888,0,
1111930,385,0,385,0,
1113030,328,0,328,0,
1114860,70,0,70,0,
1116170,74,114,74,0,0.0
1116540,1072,0,1072,0,
1117160,381,90,381,0,0.0
1118920,1128,0,1128,0,
1119730,565,857,565,0,0.0
1120480,1024,257,1024,0,0.0
1124160,125,0,125,0,
1124180,658,519,658,0,0.0
1125240,1452,0,1452,0,
1129580,214,1676,214,0,0.0
1131620,826,796,826,0,0.0
1133060,192,112,192,0,0.0
1134100,982,791,982,0,0.0
1134700,465,859,465,0,0.0
1134710,1274,0,1274,0,
1135230,1714,2737,1714,0,0.0
1136380,575,173,575,0,0.0
1137460,81,235,81,0,0.0
1138100,52,38,52,0,0.0
1138640,507,88,507,0,0.0
1139980,1001,0,1001,0,
1140620,247,405,247,0,0.0
1142130,291,789,291,0,0.0
1142220,176,0,176,0,
1142810,45,96,45,0,0.0
1144200,396,2843,396,0,0.0
1144800,468,0,468,0,
1146940,0,157,0,0,0.0
1147130,126,66,126,0,0.0
1147940,295,91,295,0,0.0
1148480,25,0,25,0,
1149710,23,132,23,0,0.0
1149940,422,0,422,0,
1151130,28,64,28,0,0.0
1154030,144,0,144,0,
1154120,220,0,220,0,
1157390,393,3277,393,0,0.0
1158160,329,2330,329,0,0.0
1158940,302,152,302,0,0.0
1159690,2717,1232,2717,0,0.0
1160490,493,69,493,0,0.0
116100,39,209,39,0,0.0
1163690,339,0,339,0,
1163740,281,55,281,0,0.0
1166990,127,75,127,0,0.0
1167630,620,3385,620,0,0.0
1168870,136,80,136,0,0.0
1169040,785,1818,785,0,0.0
1169740,20,182,20,0,0.0
1170950,108,1613,108,0,0.0
1171690,345,1826,345,0,0.0
1173370,1027,936,1027,0,0.0
1178780,666,130,666,0,0.0
1180380,866,0,866,0,
1181550,1005,0,1005,0,
1181790,68,565,68,0,0.0
1182020,2435,1,2435,0,0.0
1190150,40,864,40,0,0.0
1191330,456,0,456,0,
1191830,223,0,223,0,
1192900,337,379,337,0,0.0
1196310,40,733,40,0,0.0
1198740,37,149,37,0,0.0
1200770,745,0,745,0,
1201540,721,1574,721,0,0.0
1201550,65,263,65,0,0.0
1203180,642,0,642,0,
1203190,3538,0,3538,0,
1203370,13,18,13,0,0.0
1203620,334,0,334,0,
1206290,235,0,235,0,
1206600,324,0,324,0,
1207850,32,0,32,0,
1210800,144,148,144,0,0.0
1211020,1374,1760,1374,0,0.0
1216230,290,0,290,0,
1216320,2429,1118,2429,0,0.0
1217050,201,64,201,0,0.0
1217060,393,2251,393,0,0.0
1219590,62,0,62,0,
1222210,53,0,53,0,
1222300,579,828,579,0,0.0
1227280,776,666,776,0,0.0
1227650,931,920,931,0,0.0
1230800,75,251,75,0,0.0
1232220,93,0,93,0,
1234620,48,113,48,0,0.0
1236720,109,1162,109,0,0.0
1239080,1202,1305,1202,0,0.0
1239300,151,172,151,0,0.0
1239690,543,646,543,0,0.0
1240630,9,515,9,0,0.0
1241100,1198,0,1198,0,
1243200,218,78,218,0,0.0
1244910,67,7,67,0,0.0
1245250,150,129,150,0,0.0
1252680,702,0,702,0,
1253220,465,0,465,0,
1257800,45,93,45,0,0.0
1259440,462,383,462,0,0.0
1261180,144,0,144,0,
1263070,497,175,497,0,0.0
1264520,607,0,607,0,
1264970,212,43,212,0,0.0
1266540,1607,0,1607,0,
1268750,439,1174,439,0,0.0
1269300,217,292,217,0,0.0
1269690,991,0,991,0,
1271090,13,103,13,0,0.0
1272550,325,0,325,0,
1273440,305,345,305,0,0.0
1273480,27,29,27,0,0.0
1273710,1838,184,1838,0,0.0
1276660,477,210,477,0,0.0
1277500,37,114,37,0,0.0
1277530,502,0,502,0,
1278060,97,1688,97,0,0.0
1279510,3781,0,3781,0,
1280930,590,630,590,0,0.0
1284190,515,2913,515,0,0.0
1285230,101,187,101,0,0.0
1290000,473,3124,473,0,0.0
1291790,143,124,143,0,0.0
1292040,1424,456,1424,0,0.0
1293650,210,0,210,0,
1295900,762,0,762,0,
1297790,135,165,135,0,0.0
1300700,52,84,52,0,0.0
1302240,693,1138,693,0,0.0
1304090,109,110,109,0,0.0
1304510,1717,0,1717,0,
1304680,1215,2250,1215,0,0.0
1304930,161,2539,161,0,0.0
1305310,83,164,83,0,0.0
1306570,64,114,64,0,0.0
1306770,46,87,46,0,0.0
1307550,1091,0,1091,0,
1307890,22,0,22,0,
1308950,0,66,0,0,0.0
1310510,652,0,652,0,
1311570,135,222,135,0,0.0
1313580,55,87,55,0,0.0
1314000,174,856,174,0,0.0
1315610,157,537,157,0,0.0
1320100,526,0,526,0,
1322100,115,52,115,0,0.0
1323900,72,174,72,0,0.0
1324350,535,225,535,0,0.0
1324780,266,696,266,0,0.0
1326470,139,2559,139,0,0.0
1328990,606,0,606,0,
1329510,133,507,133,0,0.0
1329600,52,202,52,0,0.0
1330000,1481,1331,1481,0,0.0
1332760,73,132,73,0,0.0
1335830,2449,1880,2449,0,0.0
1338490,169,0,169,0,
1340180,192,53,192,0,0.0
1341210,269,19,269,0,0.0
1342330,1009,1274,1009,0,0.0
1342790,347,0,347,0,
1343070,865,0,865,0,
1343520,64,32,64,0,0.0
1343620,251,0,251,0,
1345820,757,1375,757,0,0.0
1347630,101,23,101,0,0.0
1347970,402,931,402,0,0.0
1352080,45,502,45,0,0.0
1355780,68,0,68,0,
1357210,282,1606,282,0,0.0
1359090,993,628,993,0,0.0
1361000,287,741,287,0,0.0
1363360,51,38,51,0,0.0
1364290,2103,0,2103,0,
1366850,115,61,115,0,0.0
1369670,3221,0,3221,0,
1369770,22,133,22,0,0.0
1371580,45,507,45,0,0.0
1371690,548,527,548,0,0.0
1371980,301,0,301,0,
1374490,288,0,288,0,
1374580,44,108,44,0,0.0
1377380,579,192,579,0,0.0
1380410,159,247,159,0,0.0
1384320,258,39,258,0,0.0
1385380,617,1921,617,0,0.0
1385780,70,0,70,0,
1386650,34,42,34,0,0.0
1390700,93,158,93,0,0.0
1394270,1907,0,1907,0,
1397390,1862,226,1862,0,0.0
1397790,630,0,630,0,
1401590,482,1443,482,0,0.0
1402020,1138,1961,1138,0,0.0
1403370,3522,0,3522,0,
1404090,154,73,154,0,0.0
1407180,325,0,325,0,
1412190,1741,0,1741,0,
1412470,34,92,34,0,0.0
1413250,52,12,52,0,0.0
1415220,256,205,256,0,0.0
1419640,131,0,131,0,
1419850,1529,0,1529,0,
1420350,1252,0,1252,0,
1422130,704,276,704,0,0.0
1424910,234,0,234,0,
1425000,694,0,694,0,
1425980,22,666,22,0,0.0
1426450,722,940,722,0,0.0
1426490,136,78,136,0,0.0
1427760,18,102,18,0,0.0
1429880,423,0,423,0,
1430970,108,0,108,0,
1431780,28,113,28,0,0.0
1432320,490,340,490,0,0.0
1432860,694,2622,694,0,0.0
1436990,244,98,244,0,0.0
1439750,389,345,389,0,0.0
1440360,3,78,3,0,0.0
1440670,1511,0,1511,0,
1442430,1365,521,1365,0,0.0
1442670,693,347,693,0,0.0
1446890,658,0,658,0,
1450180,159,193,159,0,0.0
1451190,475,2004,475,0,0.0
1454370,494,0,494,0,
1455120,11,17,11,0,0.0
1455900,129,129,129,0,0.0
1455910,14,31,14,0,0.0
1456200,627,874,627,0,0.0
1456940,1577,235,1577,0,0.0
1457320,1240,866,1240,0,0.0
1459960,92,27,92,0,0.0
1460550,280,153,280,0,0.0
1461600,974,0,974,0,
1462470,965,232,965,0,0.0
1465070,1514,851,1514,0,0.0
1469690,68,53,68,0,0.0
1471410,2717,0,2717,0,
1475400,250,0,250,0,
1475460,10,15,10,0,0.0
1476350,4,0,4,0,
1476970,1232,2131,1232,0,0.0
1477590,148,276,148,0,0.0
1481440,74,180,74,0,0.0
1482620,2531,238,2531,0,0.0
1483870,2,25,2,0,0.0
1485080,540,3739,540,0,0.0
1487390,622,58,622,0,0.0
1488310,1251,0,1251,0,
1488560,916,0,916,0,
1491000,312,1947,312,0,0.0
1492070,474,4238,474,0,0.0
1493520,281,186,281,0,0.0
1494420,3915,0,3915,0,
1494840,921,0,921,0,
1501690,116,120,116,0,0.0
1502660,180,732,180,0,0.0
1503790,339,0,339,0,
1504570,52,17,52,0,0.0
1506850,468,336,468,0,0.0
1509230,17,112,17,0,0.0
1510460,1149,1249,1149,0,0.0
1511630,1119,0,1119,0,
1511780,258,1053,258,0,0.0
1512940,19,26,19,0,0.0
1514840,208,153,208,0,0.0
1520380,144,176,144,0,0.0
1524630,273,103,273,0,0.0
1526490,5,36,5,0,0.0
1527890,239,68,239,0,0.0
1527910,2794,0,2794,0,
1527950,301,1668,301,0,0.0
1530450,200,0,200,0,
1532200,1080,1468,1080,0,0.0
1533390,875,4454,875,0,0.0
1534840,3188,0,3188,0,
1537830,478,1533,478,0,0.0
1546280,42,54,42,0,0.0
1546930,32,203,32,0,0.0
1547670,349,297,349,0,0.0
1548850,649,0,649,0,
1550730,97,167,97,0,0.0
1552620,756,260,756,0,0.0
1557990,2204,1480,2204,0,0.0
1558830,647,207,647,0,0.0
1559680,552,0,552,0,
1561960,72,56,72,0,0.0
1562260,365,99,365,0,0.0
1562420,3800,788,3800,0,0.0
1564600,697,0,697,0,
1565890,216,0,216,0,
1566200,3124,0,3124,0,
1568590,297,1509,297,0,0.0
1568620,208,93,208,0,0.0
1570330,330,483,330,0,0.0
1570730,48,211,48,0,0.0
1574000,514,105,514,0,0.0
1574870,48,106,48,0,0.0
1574900,1113,372,1113,0,0.0
1575680,364,0,364,0,
1579020,80,269,80,0,0.0
1583320,344,140,344,0,0.0
1584690,56,19,56,0,0.0
1585020,485,0,485,0,
1586750,127,71,127,0,0.0
1589770,139,198,139,0,0.0
1590320,152,778,152,0,0.0
1591680,519,0,519,0,
1592110,123,682,123,0,0.0
1592290,440,389,440,0,0.0
1594880,302,0,302,0,
1596950,487,0,487,0,
1598730,1,0,1,0,
1604030,413,2797,413,0,0.0
1605220,460,982,460,0,0.0
1608470,90,105,90,0,0.0
1609370,386,0,386,0,
1609730,536,0,536,0,
1610900,1979,0,1979,0,
1611600,686,1303,686,0,0.0
1618540,3448,0,3448,0,
1619310,257,0,257,0,
1620540,49,287,49,0,0.0
1621070,4639,0,4639,0,
1621690,480,2593,480,0,0.0
1627850,148,252,148,0,0.0
1631270,92,0,92,0,
1633370,375,0,375,0,
1635450,1562,513,1562,0,0.0
1636030,104,128,104,0,0.0
1641670,52,37,52,0,0.0
1641960,3023,970,3023,0,0.0
1644490,189,366,189,0,0.0
1646580,165,168,165,0,0.0
1646790,62,76,62,0,0.0
1648190,352,0,352,0,
1652250,564,562,564,0,0.0
1657090,1592,0,1592,0,
1657810,243,0,243,0,
1660080,2216,0,2216,0,
1670780,824,0,824,0,
1674010,849,0,849,0,
1674820,133,161,133,0,0.0
1676380,247,58,247,0,0.0
1677110,2692,6,2692,0,0.0
1677570,12,58,12,0,0.0
1677980,54,104,54,0,0.0
1679010,30,0,30,0,
1679220,60,89,60,0,0.0
1679290,1462,707,1462,0,0.0
1682050,680,0,680,0,
1683150,3082,0,3082,0,
1686820,0,1358,0,0,0.0
1689500,721,1915,721,0,0.0
1691280,883,404,883,0,0.0
1691320,250,224,250,0,0.0
1693250,128,0,128,0,
1695840,1420,0,1420,0,
1696810,4090,668,4090,0,0.0
1699860,35,95,35,0,0.0
1701380,62,1680,62,0,0.0
1702010,1499,1594,1499,0,0.0
1702180,1,79,1,0,0.0
1704080,77,136,77,0,0.0
1707540,58,71,58,0,0.0
1707650,357,385,357,0,0.0
1708460,772,0,772,0,
1713810,304,346,304,0,0.0
1714900,176,0,176,0,
1715730,2011,0,2011,0,
1719390,98,215,98,0,0.0
1722860,214,651,214,0,0.0
1722870,163,255,163,0,0.0
1723780,1023,0,1023,0,
1724030,240,0,240,0,
1726130,189,0,189,0,
1726530,627,0,627,0,
1730650,238,150,238,0,0.0
1732430,726,0,726,0,
1732920,35,97,35,0,0.0
1739070,88,170,88,0,0.0
1739300,335,202,335,0,0.0
1739650,30,0,30,0,
1739880,54,182,54,0,0.0
1741160,8,142,8,0,0.0
1743830,130,212,130,0,0.0
1745680,151,0,151,0,
1751350,172,119,172,0,0.0
1753400,12,27,12,0,0.0
1754960,366,0,366,0,
1755350,141,313,141,0,0.0
1756160,169,34,169,0,0.0
1757300,195,0,195,0,
1758950,329,0,329,0,
1759440,945,0,945,0,
1761220,837,0,837,0,
1761900,271,0,271,0,
1763250,1993,1250,1993,0,0.0
1765300,196,53,196,0,0.0
1766060,395,1089,395,0,0.0
1769270,161,0,161,0,
1771180,6,214,6,0,0.0
1772910,71,57,71,0,0.0
1781750,289,0,289,0,
1783280,145,319,145,0,0.0
1785120,87,55,87,0,0.0
1786010,34,77,34,0,0.0
1789480,968,0,968,0,
1790340,77,0,77,0,
1791910,62,46,62,0,0.0
1794680,296,2967,296,0,0.0
1796720,327,0,327,0,
1797680,217,256,217,0,0.0
1797880,67,1040,67,0,0.0
1801110,84,1366,84,0,0.0
1802720,108,35,108,0,0.0
1803390,268,135,268,0,0.0
1804470,724,0,724,0,
1807080,1361,0,1361,0,
1812450,326,0,326,0,
1813170,410,0,410,0,
1815530,216,54,216,0,0.0
1817800,765,524,765,0,0.0
1818180,110,100,110,0,0.0
1821680,191,0,191,0,
1826420,458,0,458,0,
1840660,102,544,102,0,0.0
1843840,761,0,761,0,
1849250,0,1664,0,0,0.0
1850740,348,231,348,0,0.0
1851610,22,73,22,0,0.0
1857950,137,0,137,0,
1861610,1911,0,1911,0,
1864950,1447,0,1447,0,
1865010,2,0,2,0,
1869500,498,0,498,0,
1869780,377,0,377,0,
1870320,38,251,38,0,0.0
1871990,193,241,193,0,0.0
1874880,483,1666,483,0,0.0
1879340,295,0,295,0,
1881610,5,3,5,0,0.0
1883000,48,15,48,0,0.0
1886120,126,0,126,0,
1889620,203,258,203,0,0.0
1889640,498,141,497,0,0.0
1890650,471,0,471,0,
1893860,298,4,298,0,0.0
1898300,371,0,371,0,
1901810,23,19,23,0,0.0
1902880,169,68,169,0,0.0
1903560,384,1,384,0,0.0
1904820,367,660,367,0,0.0
1911610,306,0,306,0,
1913370,3708,0,3708,0,
1915550,206,267,206,0,0.0
1916310,239,182,239,0,0.0
1918970,115,80,115,0,0.0
1920430,1882,0,1882,0,
1925560,546,0,546,0,
1927780,345,861,345,0,0.0
1928420,119,1808,119,0,0.0
1928980,506,0,506,0,
1929230,28,6,28,0,0.0
1929610,131,1886,131,0,0.0
1931180,1552,737,1552,0,0.0
1932260,126,219,126,0,0.0
1938050,307,0,307,0,
1942280,185,1633,185,0,0.0
1943950,421,1805,421,0,0.0
1944360,90,54,90,0,0.0
1945250,528,75,528,0,0.0
1946300,150,0,150,0,
1948430,430,1240,430,0,0.0
1948800,304,505,304,0,0.0
1949970,299,25,299,0,0.0
1953230,1207,0,1207,0,
1955030,42,0,42,0,
1957780,941,0,941,0,
1960480,305,0,305,0,
1961460,621,0,621,0,
1962700,35,0,35,0,
1963370,2470,85,2470,0,0.0
1966720,314,0,314,0,
1968730,1149,854,1149,0,0.0
1969150,205,0,205,0,
1969870,3,55,3,0,0.0
1970020,30,0,30,0,
1974050,189,891,189,0,0.0
1974220,66,24,66,0,0.0
1975580,865,0,865,0,
1983990,488,292,488,0,0.0
1985420,271,76,271,0,0.0
1985930,371,79,371,0,0.0
1987080,431,0,431,0,
1990050,112,551,112,0,0.0
1995520,308,1401,308,0,0.0
1997040,313,2364,313,0,0.0
1997630,131,33,131,0,0.0
200150,107,173,107,0,0.0
2010530,355,0,355,0,
2012510,2816,955,2816,0,0.0
2014780,224,2877,224,0,0.0
2015620,79,20,79,0,0.0
2016590,303,0,303,0,
2022360,83,56,83,0,0.0
2051500,15,97,15,0,0.0
2051620,74,2519,74,0,0.0
2055500,183,0,183,0,
2057770,82,37,82,0,0.0
2059530,1373,0,1373,0,
206500,2183,383,2183,0,0.0
2067850,174,330,174,0,0.0
2070270,1020,0,1020,0,
2071280,323,1554,323,0,0.0
207140,1586,729,1586,0,0.0
2072640,88,9,88,0,0.0
2072980,24,0,24,0,
2074620,128,0,128,0,
2075580,205,0,205,0,
2077750,332,315,332,0,0.0
2078450,2458,1117,2458,0,0.0
2080690,471,0,471,0,
2081880,336,0,336,0,
2082350,331,0,331,0,
2084450,315,0,315,0,
2085540,2803,0,2803,0,
2089250,710,0,710,0,
2094070,325,0,325,0,
2094600,116,0,116,0,
2099220,207,39,207,0,0.0
2103530,1143,0,1143,0,
2105910,42,543,42,0,0.0
2106670,936,802,936,0,0.0
2107090,272,316,272,0,0.0
2111870,283,106,283,0,0.0
2113900,733,0,733,0,
2115390,348,65,348,0,0.0
2116120,3469,0,3469,0,
211820,1572,2829,1572,0,0.0
2121150,379,0,379,0,
2124930,492,105,492,0,0.0
2126990,69,62,69,0,0.0
2138570,97,30,97,0,0.0
2140510,2219,1978,2219,0,0.0
2141730,431,0,431,0,
2143030,2614,0,2614,0,
214420,378,1475,378,0,0.0
2152990,132,0,132,0,
2154230,31,0,31,0,
2154270,200,0,200,0,
2155180,1168,382,1168,0,0.0
215550,50,152,50,0,0.0
2158270,98,47,98,0,0.0
2160360,858,0,858,0,
2162780,53,23,53,0,0.0
2165470,118,0,118,0,
2168260,220,148,220,0,0.0
2168680,762,0,762,0,
2168810,0,8,0,0,0.0
217120,132,0,132,0,
2175780,76,0,76,0,
2176900,212,0,212,0,
2178070,1027,0,1027,0,
2179380,107,456,107,0,0.0
2180600,1794,0,1794,0,
2181940,415,146,415,0,0.0
2182750,952,14,952,0,0.0
2183600,53,2,53,0,0.0
2184150,629,0,629,0,
2186700,331,0,331,0,
2191500,938,0,938,0,
2192900,62,58,62,0,0.0
2193540,757,563,757,0,0.0
2195410,240,881,240,0,0.0
2196640,190,80,190,0,0.0
2196790,36,30,36,0,0.0
2197890,370,460,370,0,0.0
2199420,1115,0,1115,0,
219990,1420,1880,1420,0,0.0
2202590,168,62,168,0,0.0
2204350,306,57,306,0,0.0
2206350,123,76,123,0,0.0
2208570,1200,414,1200,0,0.0
221100,1163,2090,1163,0,0.0
2215270,154,27,154,0,0.0
2215910,50,114,50,0,0.0
2216600,31,0,31,0,
2217580,117,725,117,0,0.0
2218400,416,196,416,0,0.0
2218970,525,0,525,0,
2220870,71,148,71,0,0.0
2223700,765,238,765,0,0.0
2225960,364,541,364,0,0.0
2226280,1345,1538,1345,0,0.0
2230170,661,0,661,0,
2234020,117,0,117,0,
223410,85,467,85,0,0.0
2234150,171,375,171,0,0.0
2235200,443,0,443,0,
2239140,250,932,250,0,0.0
2241380,358,0,358,0,
2242760,995,0,995,0,
2248760,184,522,184,0,0.0
2249550,3,0,3,0,
2250500,1002,0,1002,0,
225600,0,2868,0,0,0.0
2258890,162,57,162,0,0.0
226100,70,687,70,0,0.0
2262080,123,61,123,0,0.0
2264340,96,199,96,0,0.0
2268560,209,0,209,0,
226860,418,1724,418,0,0.0
2269950,772,0,772,0,
2270210,62,65,62,0,0.0
2271930,748,0,748,0,
2272630,162,31,162,0,0.0
2273430,49,719,49,0,0.0
2274510,271,0,271,0,
2275020,690,0,690,0,
2275440,490,0,490,0,
2276850,91,163,91,0,0.0
227780,505,894,505,0,0.0
227860,1817,573,1817,0,0.0
228380,1818,1383,1818,0,0.0
2285150,341,208,341,0,0.0
2290000,301,665,301,0,0.0
2292370,86,0,86,0,
2293680,385,0,385,0,
2294660,116,1157,116,0,0.0
2296550,249,252,249,0,0.0
2300230,95,11,95,0,0.0
230190,324,831,324,0,0.0
230230,430,2257,430,0,0.0
2304620,447,0,447,0,
2306590,27,0,27,0,
230860,90,486,90,0,0.0
2309400,286,0,286,0,
2312280,386,0,386,0,
2313330,1383,0,1383,0,
2314160,3055,0,3055,0,
2318480,1173,475,1173,0,0.0
232090,730,2130,730,0,0.0
2321880,30,19,30,0,0.0
2325290,328,0,328,0,
233610,2224,3322,2224,0,0.0
2336220,260,0,260,0,
2336720,2222,0,2222,0,
233980,708,240,708,0,0.0
2340870,186,226,186,0,0.0
2343650,1488,0,1488,0,
2343930,96,59,96,0,0.0
2344320,3718,641,3718,0,0.0
2347080,535,0,535,0,
2347910,77,24,77,0,0.0
2350020,224,57,224,0,0.0
2352620,197,0,197,0,
2354570,239,0,239,0,
2357000,881,313,881,0,0.0
235800,545,3286,545,0,0.0
2358040,163,0,163,0,
2359470,300,0,300,0,
236110,1451,929,1451,0,0.0
2363590,10,175,10,0,0.0
236370,5714,0,5713,0,
236510,0,3064,0,0,0.0
237350,44,191,44,0,0.0
2375530,304,0,304,0,
238240,742,1423,742,0,0.0
2388460,306,117,306,0,0.0
2391900,62,103,62,0,0.0
2392280,143,144,143,0,0.0
2395810,5,0,5,0,
2399420,284,1767,284,0,0.0
2399830,293,0,293,0,
2400880,67,121,67,0,0.0
2406180,259,0,259,0,
2406770,295,0,295,0,
2408920,2,0,2,0,
241240,73,926,73,0,0.0
2413050,229,0,229,0,
2418520,1551,756,1551,0,0.0
242130,114,348,114,0,0.0
242680,1654,1658,1654,0,0.0
242760,1068,2187,1068,0,0.0
2427700,174,751,174,0,0.0
242860,1345,2181,1344,0,0.0
242880,0,3002,0,0,0.0
2436940,935,30,935,0,0.0
2437170,375,0,375,0,
2437670,517,0,517,0,
2438160,54,273,54,0,0.0
2438970,60,97,60,0,0.0
2438990,171,230,171,0,0.0
244030,553,722,553,0,0.0
244210,805,958,805,0,0.0
2443090,115,0,115,0,
244410,0,180,0,0,0.0
244450,179,406,179,0,0.0
244590,229,344,229,0,0.0
244770,2351,0,2351,0,
244850,1976,1945,1976,0,0.0
2453660,551,0,551,0,
2456080,239,0,239,0,
246620,1350,686,1350,0,0.0
2467300,149,52,149,0,0.0
2467810,575,0,575,0,
246900,1279,623,1275,0,0.0
246940,70,229,70,0,0.0
247080,775,1014,775,0,0.0
2475010,123,0,123,0,
2479810,361,0,361,0,
248390,586,425,586,0,0.0
248610,222,462,222,0,0.0
2486740,2120,1068,2120,0,0.0
2488620,0,1736,0,0,0.0
249050,628,1083,628,0,0.0
2497560,207,0,207,0,
249950,179,261,179,0,0.0
25000,1889,911,1888,0,0.0
250110,166,1388,166,0,0.0
2502650,126,30,126,0,0.0
2503220,180,0,180,0,
2503740,405,0,405,0,
2504090,748,0,748,0,
250420,1625,1234,1625,0,0.0
2505020,62,0,62,0,
250560,159,765,159,0,0.0
2506440,35,150,35,0,0.0
251210,0,227,0,0,0.0
251570,1697,2493,1697,0,0.0
251670,316,903,316,0,0.0
251950,1699,336,1699,0,0.0
2519830,1347,0,1347,0,
2520870,2,23,2,0,0.0
252490,1094,2749,1094,0,0.0
252870,2797,2060,2797,0,0.0
253250,1450,769,1450,0,0.0
253510,141,792,141,0,0.0
2541890,229,0,229,0,
254200,370,2012,370,0,0.0
2553040,216,0,216,0,
2564910,382,0,382,0,
2566340,382,0,382,0,
2569510,148,845,148,0,0.0
257730,657,1691,657,0,0.0
2587450,46,393,46,0,0.0
2593340,34,0,34,0,
2593870,225,0,225,0,
2598980,37,88,37,0,0.0
2599370,367,0,367,0,
260430,98,2644,98,0,0.0
2605790,64,0,64,0,
2613870,176,43,176,0,0.0
2613950,172,0,172,0,
261550,407,2185,407,0,0.0
2617700,884,0,884,0,
2620240,75,78,75,0,0.0
262120,199,513,199,0,0.0
2625420,186,0,186,0,
263020,228,410,228,0,0.0
263060,431,2218,431,0,0.0
263720,205,259,205,0,0.0
263920,166,0,166,0,
2639420,307,0,307,0,
264000,27,116,27,0,0.0
2644050,352,0,352,0,
265590,283,1090,283,0,0.0
265750,258,635,258,0,0.0
265970,114,259,114,0,0.0
2661300,165,3,165,0,0.0
266430,1672,0,1670,0,
2670630,254,2445,254,0,0.0
268220,56,429,56,0,0.0
2682580,1471,0,1471,0,
268650,2674,991,2674,0,0.0
2686580,25,16,25,0,0.0
2686630,1504,0,1504,0,
268750,235,4557,235,0,0.0
2687970,1265,0,1265,0,
268870,182,3155,182,0,0.0
2689120,639,0,639,0,
2694490,203,0,203,0,
2695490,1021,622,1021,0,0.0
2696400,26,0,26,0,
269770,2449,731,2449,0,0.0
2698780,1692,936,1692,0,0.0
2698870,187,159,187,0,0.0
2701080,627,352,627,0,0.0
270150,510,630,508,0,0.0
2703850,3870,974,3870,0,0.0
270450,453,2863,453,0,0.0
2707940,273,0,273,0,
2708450,684,1276,684,0,0.0
2708790,48,78,48,0,0.0
271240,709,3440,709,0,0.0
2714970,149,14,149,0,0.0
2716120,322,0,322,0,
2717010,45,50,45,0,0.0
272230,2829,0,2829,0,
272890,36,703,36,0,0.0
273500,71,513,71,0,0.0
2735220,96,0,96,0,
274190,1222,1832,1222,0,0.0
2747330,173,0,173,0,
2748340,1568,0,1568,0,
2752710,449,0,449,0,
2761670,4,2,4,0,0.0
2764750,1155,0,1155,0,
2765460,107,74,107,0,0.0
276810,654,832,654,0,0.0
2768430,374,0,374,0,
2772990,122,639,122,0,0.0
2780980,286,1032,286,0,0.0
2784470,209,0,209,0,
2786550,767,0,767,0,
2788040,159,0,159,0,
279140,37,281,37,0,0.0
2791440,15,0,15,0,
2794590,239,0,239,0,
2795540,537,0,537,0,
2796180,604,0,604,0,
280180,261,1171,261,0,0.0
2805060,451,0,451,0,
280520,177,827,176,0,0.0
280790,1065,1641,1065,0,0.0
2810780,239,160,239,0,0.0
2818260,477,2289,477,0,0.0
282050,79,425,79,0,0.0
2820820,1682,1413,1682,0,0.0
2824490,2576,0,2576,0,
282590,98,501,98,0,0.0
2827200,98,0,98,0,
2828860,398,0,398,0,
2835530,305,0,305,0,
2840210,202,210,202,0,0.0
2846060,24,230,24,0,0.0
285820,71,539,71,0,0.0
285840,2,470,2,0,0.0
285900,1737,1123,1737,0,0.0
285920,1543,477,1543,0,0.0
286160,1056,641,1056,0,0.0
2868840,49,0,49,0,
2878420,110,781,110,0,0.0
288140,339,487,339,0,0.0
289130,249,1614,249,0,0.0
2892880,5,6,5,0,0.0
289760,161,243,161,0,0.0
290080,739,902,738,0,0.0
290340,256,736,256,0,0.0
2903710,158,55,158,0,0.0
2909110,392,0,392,0,
2909580,34,131,34,0,0.0
291550,1200,2365,1200,0,0.0
2916430,2476,0,2476,0,
291860,2093,520,2093,0,0.0
292000,323,0,323,0,
293760,2738,0,2738,0,
293780,1523,3563,1523,0,0.0
293840,9,242,9,0,0.0
2939600,255,0,255,0,
294000,37,230,37,0,0.0
2941660,204,0,204,0,
2943670,116,0,116,0,
2948190,2022,0,2022,0,
2949320,1210,0,1210,0,
2955840,58,116,58,0,0.0
2956680,3020,0,3020,0,
295670,64,218,64,0,0.0
295690,8,810,8,0,0.0
2960770,59,391,59,0,0.0
2961880,2260,1462,2260,0,0.0
2963880,1563,1414,1563,0,0.0
2965660,2987,0,2987,0,
2971900,23,158,23,0,0.0
2976900,202,79,202,0,0.0
2980270,331,0,331,0,
298050,935,891,935,0,0.0
298240,1253,824,1251,0,0.0
298610,1499,1038,1499,0,0.0
299480,53,213,53,0,0.0
299740,1342,657,1342,0,0.0
300260,44,201,44,0,0.0
300380,1216,761,1216,0,0.0
3009300,726,0,726,0,
3010460,35,67,35,0,0.0
301120,229,792,229,0,0.0
3019850,170,0,170,0,
3023190,0,2,0,0,0.0
302590,1952,0,1952,0,
302670,958,857,958,0,0.0
302830,829,0,829,0,
3032020,125,51,125,0,0.0
304930,964,2159,964,0,0.0
3051280,656,0,656,0,
3053950,914,0,914,0,
3058360,90,0,90,0,
3060170,203,0,203,0,
3062930,0,1543,0,0,0.0
3063750,0,201,0,0,0.0
306660,314,1794,314,0,0.0
3068670,84,87,84,0,0.0
307110,943,2607,943,0,0.0
3075800,122,40,122,0,0.0
307880,4035,374,4035,0,0.0
307960,37,99,37,0,0.0
3082170,0,251,0,0,0.0
308600,1574,0,1574,0,
3097560,252,0,252,0,
310510,37,1233,37,0,0.0
3105440,52,0,52,0,
3105890,1227,0,1227,0,
3107230,4619,0,4619,0,
3111080,873,0,873,0,
311260,1833,1070,1833,0,0.0
311310,1179,591,1179,0,0.0
3116640,216,0,216,0,
311800,615,0,615,0,
3121110,200,0,200,0,
3125250,1082,0,1082,0,
3126470,23,130,23,0,0.0
3127650,18,95,18,0,0.0
313120,2035,1217,2035,0,0.0
3132860,83,0,83,0,
314000,39,991,39,0,0.0
314010,143,284,143,0,0.0
3140620,241,298,241,0,0.0
3140990,304,0,304,0,
314410,43,1589,43,0,0.0
314430,106,236,106,0,0.0
314520,138,567,138,0,0.0
3148160,96,82,96,0,0.0
314980,11,885,11,0,0.0
3151710,95,0,95,0,
315460,1333,872,1333,0,0.0
3159570,204,165,204,0,0.0
316430,170,836,170,0,0.0
3164500,185,0,185,0,
316930,137,251,137,0,0.0
3179350,142,0,142,0,
318100,471,171,471,0,0.0
3183280,658,2666,658,0,0.0
3189430,109,86,109,0,0.0
319050,216,628,216,0,0.0
3191050,1877,2396,1877,0,0.0
319540,117,160,117,0,0.0
319830,21,287,21,0,0.0
319910,161,576,161,0,0.0
3199170,1168,200,1168,0,0.0
3201910,136,0,136,0,
320540,38,278,38,0,0.0
3211680,137,151,137,0,0.0
321270,106,1117,106,0,0.0
321360,282,432,282,0,0.0
321400,786,728,786,0,0.0
321830,174,0,174,0,
3220170,188,97,188,0,0.0
322110,962,2187,962,0,0.0
322330,740,1727,740,0,0.0
3224420,717,0,717,0,
3224910,187,0,187,0,
3225420,168,0,168,0,
3228590,115,2210,115,0,0.0
3232040,409,0,409,0,
323220,791,2305,791,0,0.0
323670,415,0,415,0,
323850,48,545,48,0,0.0
324080,3483,0,3483,0,
3241660,156,0,156,0,
3245050,148,0,148,0,
324510,515,1637,515,0,0.0
3247750,3359,0,3359,0,
324810,1003,2884,1003,0,0.0
325210,456,704,456,0,0.0
325260,272,309,272,0,0.0
3253530,523,0,523,0,
325420,754,0,754,0,
3257000,1088,0,1088,0,
326160,929,1402,929,0,0.0
326410,140,2480,140,0,0.0
326460,1739,1664,1739,0,0.0
3267430,50,0,50,0,
327090,856,475,856,0,0.0
327860,842,882,842,0,0.0
328070,655,660,655,0,0.0
3285700,299,0,299,0,
3288270,218,198,218,0,0.0
329070,1257,0,1257,0,
329460,63,334,63,0,0.0
3295810,61,0,61,0,
330270,63,116,63,0,0.0
330580,659,214,659,0,0.0
331200,102,556,102,0,0.0
331500,30,1230,30,0,0.0
332250,33,151,33,0,0.0
332310,924,886,923,0,0.0
332500,4146,0,4146,0,
332570,2500,0,2500,0,
3328720,36,98,36,0,0.0
3336520,106,0,106,0,
3338950,593,0,593,0,
333950,2907,2189,2907,0,0.0
334040,160,940,160,0,0.0
334540,766,251,766,0,0.0
3352240,563,0,563,0,
3354260,158,0,158,0,
335430,434,146,434,0,0.0
3354750,206,0,206,0,
335700,11,69,11,0,0.0
3363030,40,0,40,0,
336440,36,62,36,0,0.0
337320,1749,1331,1749,0,0.0
3376250,259,225,259,0,0.0
338170,927,2333,927,0,0.0
3384090,236,0,236,0,
3384440,15,30,15,0,0.0
338530,9,219,9,0,0.0
3385960,116,40,116,0,0.0
3385970,969,0,969,0,
338810,84,195,84,0,0.0
338820,82,128,82,0,0.0
3400960,1415,0,1415,0,
340580,96,182,96,0,0.0
3407390,1520,0,1520,0,
3408110,207,0,207,0,
3408170,168,0,168,0,
342310,310,574,310,0,0.0
342480,279,512,279,0,0.0
342560,896,4206,896,0,0.0
342940,2517,1969,2517,0,0.0
343360,0,931,0,0,0.0
343630,107,94,107,0,0.0
3441460,111,94,111,0,0.0
3444080,159,0,159,0,
3445340,163,284,163,0,0.0
344740,219,1051,219,0,0.0
344760,577,1190,577,0,0.0
3447690,64,185,64,0,0.0
345180,151,2697,151,0,0.0
345330,120,542,120,0,0.0
3453600,379,228,379,0,0.0
3454650,2921,0,2921,0,
346010,1615,1351,1615,0,0.0
346110,682,2645,682,0,0.0
346330,1574,482,1574,0,0.0
346460,75,145,75,0,0.0
346970,245,137,245,0,0.0
347160,50,569,50,0,0.0
347600,723,0,723,0,
3478870,161,0,161,0,
3484300,535,0,535,0,
3484640,311,0,311,0,
3487060,177,33,177,0,0.0
3491280,221,0,221,0,
3494520,754,0,754,0,
3498270,0,319,0,0,0.0
3498390,231,0,231,0,
3501070,1612,0,1612,0,
350740,126,420,126,0,0.0
351100,146,531,146,0,0.0
351290,1482,120,1482,0,0.0
351630,151,0,151,0,
352950,128,240,128,0,0.0
355180,965,749,965,0,0.0
355400,146,0,146,0,
356070,270,21,270,0,0.0
357310,218,698,218,0,0.0
357330,1048,545,1048,0,0.0
3576070,181,0,181,0,
357650,129,32,129,0,0.0
357670,29,154,29,0,0.0
3576880,133,30,133,0,0.0
358130,318,1241,318,0,0.0
3588490,285,447,285,0,0.0
359840,34,804,34,0,0.0
360170,255,426,255,0,0.0
3602720,241,0,241,0,
360620,103,741,103,0,0.0
360730,40,455,40,0,0.0
361040,64,158,64,0,0.0
361280,270,432,270,0,0.0
361420,513,1767,513,0,0.0
3616560,126,0,126,0,
362400,0,142,0,0,0.0
362620,5704,0,5704,0,
362890,1274,3478,1274,0,0.0
363360,636,444,636,0,0.0
363530,77,193,77,0,0.0
364420,357,2064,357,0,0.0
3645890,2429,0,2429,0,
3649730,156,0,156,0,
365810,189,182,189,0,0.0
366090,41,0,41,0,
366290,103,21,103,0,0.0
3669570,1251,0,1251,0,
3669720,0,116,0,0,0.0
368180,87,473,87,0,0.0
3681820,192,0,192,0,
369080,109,6,109,0,0.0
369990,42,191,42,0,0.0
3702930,170,0,170,0,
370350,86,0,86,0,
3706810,1867,0,1867,0,
370770,340,102,340,0,0.0
3712080,1678,0,1678,0,
371510,11,161,11,0,0.0
3716600,204,0,204,0,
3725630,207,0,207,0,
372800,1525,0,1525,0,
374040,284,591,284,0,0.0
374280,373,806,373,0,0.0
375480,919,1075,919,0,0.0
375530,489,1166,489,0,0.0
375600,179,1189,179,0,0.0
376210,2047,0,2047,0,
377060,282,0,282,0,
377260,122,54,122,0,0.0
3775510,161,0,161,0,
378360,664,0,664,0,
378370,1793,0,1793,0,
378760,730,617,730,0,0.0
379210,1005,0,1005,0,
380600,759,774,759,0,0.0
381020,339,623,339,0,0.0
3811390,3,10,3,0,0.0
3814570,0,3,0,0,0.0
3815750,443,0,443,0,
381750,137,65,137,0,0.0
382050,69,527,69,0,0.0
382260,66,271,66,0,0.0
382310,1836,0,1836,0,
383120,1723,1610,1723,0,0.0
383230,473,982,473,0,0.0
383790,206,306,206,0,0.0
383980,954,680,954,0,0.0
384180,353,261,353,0,0.0
3844750,379,0,379,0,
384500,213,277,213,0,0.0
384960,90,161,90,0,0.0
385270,405,83,405,0,0.0
385380,922,181,922,0,0.0
386180,202,1272,202,0,0.0
3894440,564,0,564,0,
390560,182,1334,182,0,0.0
3907880,49,0,49,0,
391460,1037,389,1037,0,0.0
3918850,620,0,620,0,
3919360,99,14,99,0,0.0
392110,330,790,330,0,0.0
3922920,241,0,241,0,
393380,1147,3567,1147,0,0.0
393420,611,478,611,0,0.0
394120,165,174,165,0,0.0
394690,2582,469,2582,0,0.0
394760,70,1085,70,0,0.0
396900,694,2537,694,0,0.0
397060,811,2731,811,0,0.0
397160,58,140,58,0,0.0
397310,29,125,29,0,0.0
397390,23,251,23,0,0.0
3997970,248,0,248,0,
399820,196,564,196,0,0.0
400080,89,1131,89,0,0.0
400450,58,520,58,0,0.0
4020490,826,0,826,0,
402560,68,972,68,0,0.0
405710,837,2172,837,0,0.0
407530,622,320,622,0,0.0
407840,1388,1023,1388,0,0.0
408900,207,5952,207,0,0.0
408960,38,139,38,0,0.0
410340,600,122,600,0,0.0
411120,60,47,60,0,0.0
411480,18,138,18,0,0.0
411970,187,501,187,0,0.0
411980,45,188,45,0,0.0
412470,240,0,240,0,
4124950,138,0,138,0,
4134600,141,0,141,0,
414190,65,301,65,0,0.0
415270,304,426,304,0,0.0
415590,293,846,293,0,0.0
416040,4,107,4,0,0.0
416450,55,144,55,0,0.0
4173620,308,0,308,0,
4175080,492,0,492,0,
417910,89,411,89,0,0.0
418030,1830,0,1830,0,
418180,117,959,117,0,0.0
418340,382,989,382,0,0.0
418620,98,467,98,0,0.0
419520,319,0,319,0,
4197990,357,0,357,0,
420290,959,1148,959,0,0.0
420550,81,34,81,0,0.0
420930,1306,0,1306,0,
423490,70,215,70,0,0.0
423810,25,266,25,0,0.0
423890,492,0,492,0,
424030,2067,0,2067,0,
424830,3,197,3,0,0.0
427410,212,3472,212,0,0.0
427520,1170,3304,1170,0,0.0
427730,346,1245,346,0,0.0
428080,228,186,228,0,0.0
428180,40,37,40,0,0.0
428190,4,86,4,0,0.0
428430,112,396,112,0,0.0
429050,2206,2,2206,0,0.0
429620,23,415,23,0,0.0
429780,141,207,141,0,0.0
429790,3468,461,3468,0,0.0
431240,2120,2936,2120,0,0.0
431450,153,135,153,0,0.0
431600,123,820,123,0,0.0
4323990,1211,0,1211,0,
4324480,239,0,239,0,
433530,352,1959,352,0,0.0
433850,408,1647,408,0,0.0
434510,13,164,13,0,0.0
434650,41,193,41,0,0.0
434730,272,1153,272,0,0.0
435150,498,3016,498,0,0.0
435490,56,165,56,0,0.0
436230,46,249,46,0,0.0
436260,7,11,7,0,0.0
436320,1132,906,1132,0,0.0
436520,266,1821,266,0,0.0
436530,32,27,32,0,0.0
4369490,284,0,284,0,
4375230,20,0,20,0,
438100,1508,0,1508,0,
438320,27,54,27,0,0.0
440310,1868,0,1868,0,
440730,123,364,123,0,0.0
440900,514,2358,514,0,0.0
444090,374,1787,374,0,0.0
444930,1065,258,1065,0,0.0
445220,1173,1341,1173,0,0.0
445720,139,174,139,0,0.0
446540,107,110,107,0,0.0
447820,505,1622,505,0,0.0
448240,63,296,63,0,0.0
448320,39,248,39,0,0.0
448850,236,1603,236,0,0.0
449210,10,343,10,0,0.0
451600,101,162,101,0,0.0
451840,318,314,318,0,0.0
452060,162,2025,162,0,0.0
453090,816,516,816,0,0.0
453690,36,358,36,0,0.0
454070,77,109,77,0,0.0
454120,4722,0,4722,0,
454140,93,145,93,0,0.0
454180,21,76,21,0,0.0
454350,603,395,603,0,0.0
454540,137,147,137,0,0.0
4551040,535,0,535,0,
455300,122,70,122,0,0.0
457010,118,55,118,0,0.0
458520,96,43,96,0,0.0
458660,40,67,40,0,0.0
458830,184,0,184,0,
461430,3636,0,3636,0,
462940,24,149,24,0,0.0
464100,10,164,10,0,0.0
464350,104,1218,104,0,0.0
465200,105,909,105,0,0.0
465240,425,458,425,0,0.0
466110,221,254,221,0,0.0
466560,342,1017,342,0,0.0
466660,69,501,69,0,0.0
466980,136,40,136,0,0.0
467760,50,120,50,0,0.0
467820,463,150,463,0,0.0
468070,201,28,201,0,0.0
468920,169,280,169,0,0.0
469600,903,1519,903,0,0.0
469820,525,506,525,0,0.0
473770,681,2434,681,0,0.0
481870,110,323,110,0,0.0
484350,91,85,91,0,0.0
485310,487,0,487,0,
487000,131,827,131,0,0.0
487120,2196,1360,2196,0,0.0
488310,152,2074,152,0,0.0
488430,253,0,253,0,
488440,464,168,464,0,0.0
488550,190,499,190,0,0.0
489240,164,0,164,0,
489380,324,111,324,0,0.0
489520,635,2292,635,0,0.0
489940,402,1646,402,0,0.0
490220,645,0,645,0,
490920,1173,0,1173,0,
492150,261,92,261,0,0.0
493520,529,1921,529,0,0.0
495350,40,113,40,0,0.0
495580,76,102,76,0,0.0
496240,4229,130,4229,0,0.0
496550,8,266,8,0,0.0
499660,539,851,539,0,0.0
500260,85,436,85,0,0.0
500710,124,332,124,0,0.0
503350,189,931,189,0,0.0
503770,383,52,383,0,0.0
504370,321,2061,321,0,0.0
505460,1684,2493,1684,0,0.0
505740,155,359,155,0,0.0
506500,55,539,55,0,0.0
506730,65,291,65,0,0.0
508440,706,2940,706,0,0.0
508550,650,412,650,0,0.0
508790,164,206,164,0,0.0
509580,343,686,343,0,0.0
509980,2353,0,2353,0,
510500,841,507,841,0,0.0
510840,9,323,9,0,0.0
511800,41,399,41,0,0.0
512020,17,87,17,0,0.0
512160,2,82,2,0,0.0
512220,279,100,279,0,0.0
512900,876,1076,876,0,0.0
513560,242,563,242,0,0.0
513710,824,1338,824,0,0.0
518040,123,0,123,0,
518150,5115,0,5115,0,
519190,210,207,210,0,0.0
519860,448,1474,448,0,0.0
520010,898,120,898,0,0.0
520860,195,0,195,0,
520950,459,781,459,0,0.0
521920,9,226,9,0,0.0
521950,105,47,105,0,0.0
523660,288,3165,288,0,0.0
523740,20,73,20,0,0.0
525640,318,116,318,0,0.0
526160,955,277,955,0,0.0
526870,643,3284,643,0,0.0
527230,359,717,359,0,0.0
527430,345,969,345,0,0.0
527700,27,405,27,0,0.0
528460,92,81,92,0,0.0
528550,859,21,859,0,0.0
529180,1343,0,1343,0,
529240,284,0,284,0,
529520,53,764,53,0,0.0
531270,179,112,179,0,0.0
531640,2287,2373,2287,0,0.0
538100,861,636,861,0,0.0
539400,27,123,27,0,0.0
541300,3112,400,3112,0,0.0
541930,79,202,79,0,0.0
544390,147,822,147,0,0.0
544550,65,0,65,0,
544810,265,1088,265,0,0.0
544920,587,1504,587,0,0.0
546930,54,193,54,0,0.0
548430,661,3921,661,0,0.0
550650,384,1299,384,0,0.0
551170,77,1719,77,0,0.0
551700,133,150,133,0,0.0
552080,755,252,755,0,0.0
552100,1682,2130,1682,0,0.0
552110,266,175,266,0,0.0
552450,182,325,182,0,0.0
552990,20,1011,20,0,0.0
555000,1481,26,1481,0,0.0
555050,27,106,27,0,0.0
555160,2386,650,2386,0,0.0
555880,541,865,541,0,0.0
558100,2053,0,2053,0,
559650,489,511,489,0,0.0
562270,139,0,139,0,
564050,52,421,52,0,0.0
564210,1,58,1,0,0.0
564230,571,2060,571,0,0.0
566530,47,219,47,0,0.0
566860,1214,0,1214,0,
569530,98,352,98,0,0.0
570980,21,0,21,0,
571740,1550,733,1550,0,0.0
572220,108,1082,108,0,0.0
573090,884,3393,884,0,0.0
573410,229,1096,229,0,0.0
573490,141,176,141,0,0.0
574080,209,79,209,0,0.0
574180,436,0,436,0,
574980,814,2331,814,0,0.0
575050,4,9,4,0,0.0
575950,22,313,22,0,0.0
576480,14,45,14,0,0.0
577410,44,196,44,0,0.0
578080,88,1589,88,0,0.0
579840,37,525,37,0,0.0
580040,110,443,110,0,0.0
582330,204,170,204,0,0.0
584890,55,52,55,0,0.0
585190,19,104,19,0,0.0
585420,549,1065,549,0,0.0
585710,34,873,34,0,0.0
587520,568,1274,568,0,0.0
588120,80,34,80,0,0.0
588440,164,71,164,0,0.0
589290,895,1254,895,0,0.0
589320,25,40,25,0,0.0
589370,23,16,23,0,0.0
591790,188,0,188,0,
593600,245,278,245,0,0.0
594490,26,164,26,0,0.0
594650,315,2564,315,0,0.0
595770,48,214,48,0,0.0
595960,140,21,140,0,0.0
597150,81,247,81,0,0.0
597170,1424,1908,1424,0,0.0
597230,66,407,66,0,0.0
598780,291,20,291,0,0.0
598960,1092,0,1092,0,
599080,499,1620,499,0,0.0
600120,186,83,186,0,0.0
600460,63,195,63,0,0.0
602960,958,2457,958,0,0.0
603350,6,85,6,0,0.0
604240,299,107,299,0,0.0
604500,78,822,78,0,0.0
605230,1166,0,1166,0,
605740,1426,608,1426,0,0.0
606230,181,1221,181,0,0.0
608110,138,69,138,0,0.0
608990,472,0,472,0,
610380,7,240,7,0,0.0
611160,394,629,394,0,0.0
611500,1177,812,1177,0,0.0
612470,153,981,153,0,0.0
612570,85,508,85,0,0.0
612930,270,140,270,0,0.0
613730,102,143,102,0,0.0
613900,11,260,11,0,0.0
616830,105,125,105,0,0.0
618080,70,245,70,0,0.0
618740,326,921,326,0,0.0
618850,187,167,187,0,0.0
619310,39,57,39,0,0.0
620980,466,2022,466,0,0.0
622040,321,0,321,0,
622770,32,152,32,0,0.0
623340,584,343,584,0,0.0
625340,1070,1323,1070,0,0.0
632300,481,726,481,0,0.0
632360,417,3901,417,0,0.0
633080,423,68,423,0,0.0
633460,1293,786,1293,0,0.0
635260,121,477,121,0,0.0
640050,5,18,5,0,0.0
640150,541,0,541,0,
640340,55,84,55,0,0.0
640700,0,36,0,0,0.0
641780,91,2393,91,0,0.0
643980,63,118,63,0,0.0
644480,80,98,80,0,0.0
646200,254,627,254,0,0.0
648800,592,2765,592,0,0.0
653120,228,0,228,0,
655500,1885,0,1885,0,
655740,94,22,94,0,0.0
655780,93,228,93,0,0.0
656240,1168,676,1168,0,0.0
657090,29,127,29,0,0.0
658160,46,151,46,0,0.0
658470,76,81,76,0,0.0
661130,2034,0,2034,0,
661920,87,104,87,0,0.0
667530,1366,16,1366,0,0.0
667970,1020,899,1020,0,0.0
668430,180,53,180,0,0.0
669330,411,1643,411,0,0.0
670260,313,464,313,0,0.0
671510,865,318,865,0,0.0
671610,1509,0,1509,0,
671860,473,0,473,0,
673190,24,116,24,0,0.0
673750,362,243,362,0,0.0
673950,142,493,142,0,0.0
674020,815,1387,815,0,0.0
676500,184,194,184,0,0.0
677480,261,326,261,0,0.0
681280,272,405,272,0,0.0
681390,309,158,309,0,0.0
682290,410,0,410,0,
682450,112,97,112,0,0.0
684200,802,125,802,0,0.0
684580,401,826,401,0,0.0
685240,210,306,210,0,0.0
686200,103,158,103,0,0.0
686260,272,418,272,0,0.0
686810,427,3273,427,0,0.0
691390,21,19,21,0,0.0
691730,304,0,304,0,
692890,1081,3395,1081,0,0.0
696220,994,212,994,0,0.0
696370,1022,143,1022,0,0.0
698260,98,274,98,0,0.0
700030,2829,0,2829,0,
704020,23,83,23,0,0.0
704920,12,193,12,0,0.0
705040,1708,0,1708,0,
706020,207,428,207,0,0.0
706990,109,462,109,0,0.0
707010,820,2,820,0,0.0
710170,4,81,4,0,0.0
711810,403,1463,403,0,0.0
711980,1182,0,1182,0,
713460,224,0,224,0,
715400,1172,0,1172,0,
716350,384,178,384,0,0.0
718560,40,2628,40,0,0.0
718650,236,845,236,0,0.0
719890,32,0,32,0,
720620,3968,0,3968,0,
722180,519,825,519,0,0.0
722960,60,395,60,0,0.0
724300,111,215,111,0,0.0
725100,36,128,36,0,0.0
725480,1838,806,1838,0,0.0
733460,123,129,123,0,0.0
734580,368,574,368,0,0.0
736590,666,0,666,0,
739630,602,0,602,0,
742460,115,176,115,0,0.0
744900,239,1073,239,0,0.0
745920,745,1227,745,0,0.0
746940,45,140,45,0,0.0
747200,361,972,361,0,0.0
748370,474,463,474,0,0.0
748940,279,482,279,0,0.0
750470,383,0,383,0,
752900,596,0,596,0,
752910,248,0,248,0,
753650,16,0,16,0,
758690,1279,216,1279,0,0.0
760630,62,42,62,0,0.0
760640,411,142,411,0,0.0
760650,629,933,629,0,0.0
762560,80,59,80,0,0.0
763890,679,2758,679,0,0.0
764050,530,1288,530,0,0.0
764570,446,0,446,0,
764920,166,186,166,0,0.0
766570,339,417,339,0,0.0
768200,220,518,220,0,0.0
770100,29,671,29,0,0.0
773430,23,69,23,0,0.0
773520,35,39,35,0,0.0
773840,155,163,155,0,0.0
774181,871,981,871,0,0.0
774801,1010,0,1010,0,
774861,69,829,69,0,0.0
777470,138,79,138,0,0.0
777770,59,188,59,0,0.0
779100,150,0,150,0,
780290,974,2460,974,0,0.0
781030,44,267,44,0,0.0
787040,14,96,14,0,0.0
790710,1095,1354,1095,0,0.0
792200,34,0,34,0,
792710,305,523,305,0,0.0
794860,43,525,43,0,0.0
797400,135,728,135,0,0.0
797410,12,533,12,0,0.0
798840,23,203,23,0,0.0
799500,31,50,31,0,0.0
799600,776,0,776,0,
801550,1187,1697,1187,0,0.0
805270,227,59,227,0,0.0
805550,139,650,139,0,0.0
805850,307,985,307,0,0.0
810040,991,0,991,0,
814370,458,887,458,0,0.0
815370,244,1222,244,0,0.0
822240,2258,369,2258,0,0.0
822800,48,56,48,0,0.0
823950,998,318,998,0,0.0
824070,119,423,119,0,0.0
829590,926,1319,926,0,0.0
829660,61,907,61,0,0.0
830370,279,495,279,0,0.0
830820,272,463,272,0,0.0
833090,761,0,761,0,
834910,1584,0,1584,0,
835570,29,575,29,0,0.0
835650,237,131,237,0,0.0
838410,201,0,201,0,
839420,5,98,5,0,0.0
839630,191,53,191,0,0.0
839910,503,465,503,0,0.0
840140,154,25,154,0,0.0
840800,3323,0,3323,0,
842780,907,6,907,0,0.0
843380,771,1927,771,0,0.0
844330,24,301,24,0,0.0
844870,832,0,832,0,
845890,993,232,993,0,0.0
846770,371,1206,371,0,0.0
848050,356,0,356,0,
851800,47,0,47,0,
852780,82,0,82,0,
853450,542,289,542,0,0.0
857940,6,9,6,0,0.0
859580,0,1772,0,0,0.0
860020,561,0,561,0,
861050,144,111,144,0,0.0
862800,2618,0,2618,0,
863400,133,15,133,0,0.0
867210,570,890,570,0,0.0
868080,193,0,193,0,
868150,286,0,286,0,
871930,171,372,171,0,0.0
871990,62,113,62,0,0.0
872670,1044,0,1044,0,
873220,43,44,43,0,0.0
873840,361,246,361,0,0.0
875760,121,53,121,0,0.0
876650,220,1093,220,0,0.0
877010,189,444,189,0,0.0
877200,3278,568,3278,0,0.0
877850,240,0,240,0,
878380,139,234,139,0,0.0
879160,1415,396,1415,0,0.0
882140,700,336,700,0,0.0
884660,350,1963,350,0,0.0
885000,107,1154,107,0,0.0
885570,62,0,62,0,
886250,2811,1412,2811,0,0.0
887570,3776,0,3776,0,
890550,3167,0,3167,0,
892970,534,0,534,0,
895400,876,1163,876,0,0.0
895670,84,320,84,0,0.0
898580,44,334,44,0,0.0
898920,2374,2170,2374,0,0.0
899770,1226,2591,1226,0,0.0
903730,219,0,219,0,
903950,1225,0,1225,0,
905970,473,0,473,0,
906870,229,237,229,0,0.0
906930,141,94,141,0,0.0
908070,17,369,17,0,0.0
908740,287,0,287,0,
909380,2,0,2,0,
910490,984,531,984,0,0.0
911430,500,390,500,0,0.0
913550,0,16,0,0,0.0
914260,171,729,171,0,0.0
915460,252,754,252,0,0.0
915810,3712,752,3712,0,0.0
916930,55,146,55,0,0.0
917950,396,947,396,0,0.0
918570,0,1518,0,0,0.0
919360,718,299,718,0,0.0
922450,0,52,0,0,0.0
923370,7,231,7,0,0.0
926390,12,123,12,0,0.0
926540,94,187,94,0,0.0
926990,2061,1259,2061,0,0.0
931650,46,61,46,0,0.0
936720,1590,0,1590,0,
939000,108,112,108,0,0.0
939100,192,1023,192,0,0.0
941460,2825,0,2825,0,
942200,34,59,34,0,0.0
946610,151,0,151,0,
946880,56,0,56,0,
951440,23,0,23,0,
953880,1195,1436,1195,0,0.0
956680,2319,136,2319,0,0.0
957790,623,595,623,0,0.0
957960,167,351,167,0,0.0
960170,45,456,45,0,0.0
961200,610,1270,610,0,0.0
962130,566,2723,566,0,0.0
962730,748,2435,748,0,0.0
963930,647,2821,647,0,0.0
964800,2412,1219,2412,0,0.0
965580,417,3144,417,0,0.0
965590,26,273,26,0,0.0
976890,2200,4,2200,0,0.0
977390,92,157,92,0,0.0
977510,83,81,83,0,0.0
979640,2513,0,2513,0,
980610,661,1015,661,0,0.0
981430,1216,962,1216,0,0.0
983870,2342,0,2342,0,
989440,1380,198,1380,0,0.0
990920,59,7,59,0,0.0
991780,14,0,14,0,
992910,758,149,758,0,0.0
995050,313,0,313,0,
997010,342,1165,342,0,0.0
999860,1271,0,1271,0,
