feature,layer,definition,why_it_is_here
pct_never_played_again,predictor,share of EA reviewers whose playtime_forever equals playtime_at_review exactly - they never played again after reviewing,"the churn signal itself. 22% of all rows corpus-wide. averaging this into a mean persistence destroys it, so it gets its own column"
prp_median_hours,predictor,"median of (playtime_forever - playtime_at_review) over EA reviewers, hours",the novel retention proxy. median not mean - the distribution is violently right skewed and 22% of it sits at exactly zero
prp_p75_hours,predictor,"75th percentile of post-review persistence over EA reviewers, hours",keeps signal when the median is pinned at zero by the churn mass
playtime_at_review_median_hours,predictor,"median playtime_forever at the moment of reviewing, in hours",controls for prior investment - persistence means something different for a 2 hour player than a 200 hour one
ea_duration_days,predictor,days between first and last EA review,how long the game spent in early access - a confounder for every volume measure
n_ea_reviews_collected,covariate,EA rows actually collected for this game,"the sample size behind every aggregate here. NOT a volume measure - it is capped per window, so for popular games it is a collection budget"
ea_reviews_per_day_collected,predictor,n_ea_reviews_collected divided by ea_duration_days,"activity rate. a lower bound where the cap binds, which is why collection_completeness travels with it"
ea_positive_share,predictor,share of EA reviews with voted_up = true,THE baseline competitor - the one number a studio already has for free. the model has to beat this or it has not earned its complexity
ea_positive_share_trend,predictor,ea_positive_share in the second half of EA minus the first half,direction of travel. a game souring during EA is the pattern the score exists to catch early
ea_author_games_owned_median,covariate,median num_games_owned of EA reviewers,controls for reviewer type - a 900 game library is a different reviewer
ea_author_review_count_median,covariate,median num_reviews written by EA reviewers,the same control from the other direction
ea_share_edited,covariate,share of EA reviews edited after posting,edited reviews carry a recomputed EA flag - this quantifies that exposure and explains the flag/timestamp disagreement
ea_toxicity_mean,predictor,mean Detoxify toxicity over sampled EA reviews,the level of hostility during early access
ea_toxicity_share_above_half,predictor,share of sampled EA reviews scoring toxicity > 0.5,"a small permanently hostile core matters more than the average, and the mean hides it"
ea_sentiment_mean,predictor,mean VADER compound over sampled EA reviews,tone independent of hostility - a review can be sad without being toxic
ea_censored_rate,predictor,share of sampled EA reviews where Steam redacted profanity,a profanity measure that survives Steam censoring the text
n_ea_reviews_scored,covariate,sampled EA reviews carrying toxicity scores,the sample size behind every tone feature above
ea_toxicity_trend,predictor,mean toxicity in the second half of EA minus the first half,a community souring during EA is the early warning the score is for
n_post_launch_reviews,outcome,reviews collected in the 180 days after the bisected launch date,the denominator behind every outcome below
post_positive_share,outcome,share of post-launch reviews with voted_up = true,RQ1 outcome - did the game land well with players after full release
post_prp_median_hours,outcome,"median post-review persistence of post-launch reviewers, in hours","RQ1 retention outcome, measured the same way as the EA predictor"
post_toxicity_mean_uncontrolled,outcome,mean toxicity over all sampled post-launch reviews,RQ2 outcome without the cohort control - reported for comparison only
post_toxicity_mean,outcome,"mean toxicity over sampled post-launch reviews, EXCLUDING anyone who also reviewed during EA",RQ2 headline outcome - the circularity-controlled version
n_excluded_by_cohort_control,outcome,sampled post-launch reviews removed by the EA-reviewer exclusion,the control removes almost nobody - reporting the number is the honest version of applying it
total_reviews_reported,covariate,total review count Steam reports for the game via query_summary,"the only trustworthy volume measure. row counts are a collection budget, not a property of the game"
collection_completeness,covariate,rows collected divided by total_reviews_reported,"how much of the game I hold. the cap binds non-randomly on popular titles, so this has to be visible to the model rather than hidden"
flag_timestamp_disagreement,covariate,share of rows where the Steam EA flag disagrees with the timestamp split,quantifies the edited-review effect per game - the reason cohort membership is timestamp-based and only the text description is flag-based
