appid,n_reviews_all_languages,n_english,english_share,top_other_language,not_latin_script,empty_after_cleaning,kept
1000080,1571,158,10.06,schinese,4,0,154
1000360,77,44,57.14,schinese,1,0,43
1004270,1731,577,33.33,schinese,0,0,577
1005400,258,173,67.05,french,0,0,173
1005930,1627,213,13.09,russian,14,0,199
1010860,748,115,15.37,turkish,2,1,112
1011290,212,185,87.26,russian,0,2,183
1012110,2306,1290,55.94,russian,2,8,1280
1013320,6912,2488,36.0,schinese,13,25,2450
1015140,1001,569,56.84,french,2,1,566
1016920,2262,928,41.03,schinese,5,4,919
1018830,3221,1910,59.3,german,3,15,1892
1020800,614,181,29.48,polish,0,2,179
1020910,201,50,24.88,russian,0,2,48
1022310,1655,970,58.61,russian,0,5,965
1022450,2400,821,34.21,russian,5,0,816
1025600,4348,2723,62.63,thai,27,13,2683
1026840,1247,1046,83.88,brazilian,3,7,1036
1029210,2800,1964,70.14,brazilian,3,13,1948
1029550,2967,1206,40.65,russian,3,0,1203
1030210,2448,1322,54.0,schinese,2,2,1318
1032700,472,179,37.92,brazilian,0,2,177
1032790,1327,71,5.35,schinese,6,1,64
1035510,4755,1232,25.91,russian,18,12,1202
1037080,215,172,80.0,brazilian,0,1,171
1043340,2181,1611,73.87,russian,5,8,1598
1046930,4772,1798,37.68,schinese,17,4,1777
1048100,3268,1023,31.3,russian,12,8,1003
1049590,5831,1610,27.61,koreana,23,4,1583
1049800,1216,182,14.97,russian,2,1,179
1051690,3781,3320,87.81,russian,5,12,3303
1053680,6119,3067,50.12,russian,9,14,3044
1054340,363,283,77.96,russian,1,0,282
1054430,1402,478,34.09,schinese,2,3,473
1054510,4454,1892,42.48,schinese,6,12,1874
1054690,224,149,66.52,russian,1,0,148
1055210,533,142,26.64,schinese,1,6,135
1055610,413,365,88.38,german,0,1,364
1057640,1375,790,57.45,french,3,7,780
1057700,4091,2646,64.68,russian,10,19,2617
1058650,7531,5256,69.79,schinese,5,15,5236
1058830,4235,2708,63.94,schinese,6,8,2694
1059220,1235,955,77.33,russian,0,0,955
1060230,2149,1457,67.8,spanish,0,8,1449
1062520,3647,1904,52.21,schinese,9,5,1890
1062810,4013,3099,77.22,schinese,3,15,3081
1062830,2206,1024,46.42,schinese,6,12,1006
1063420,6558,5062,77.19,french,7,17,5038
1063580,496,314,63.31,french,0,1,313
1063590,488,258,52.87,russian,2,3,253
1064340,799,632,79.1,russian,2,5,625
1066130,1626,31,1.91,schinese,2,0,29
1066180,341,215,63.05,schinese,0,0,215
1070580,7305,2241,30.68,turkish,22,17,2202
1074630,332,199,59.94,turkish,3,1,195
1076500,937,437,46.64,schinese,2,3,432
1077290,962,608,63.2,german,1,3,604
1078200,424,349,82.31,brazilian,0,1,348
1078920,1349,1004,74.43,schinese,1,10,993
1079230,350,184,52.57,schinese,0,2,182
1079620,764,588,76.96,german,1,3,584
1080010,356,195,54.78,german,1,2,192
1081670,248,82,33.06,schinese,3,3,76
1082450,724,239,33.01,german,0,0,239
1084520,3031,193,6.37,schinese,43,3,147
1084600,4135,1886,45.61,schinese,2,8,1876
1086410,1061,692,65.22,brazilian,0,4,688
1086940,6299,3509,55.71,schinese,6,0,3503
1088090,7861,5719,72.75,russian,8,26,5685
1088150,2659,990,37.23,turkish,2,4,984
1088790,7471,2921,39.1,schinese,19,19,2883
1090250,585,533,91.11,russian,1,1,531
1092630,1595,915,57.37,russian,6,19,890
1094780,4471,587,13.13,russian,4,0,583
1096200,1044,764,73.18,german,1,4,759
1096530,3606,2568,71.21,french,3,2,2563
1097430,5133,729,14.2,schinese,14,8,707
1097620,802,679,84.66,russian,0,8,671
1100990,2241,1446,64.52,russian,16,7,1423
1101190,4825,3522,72.99,german,20,13,3489
1103880,518,411,79.34,russian,1,1,409
1104450,6205,3104,50.02,brazilian,21,10,3073
1105130,854,530,62.06,russian,5,4,521
1105810,773,186,24.06,french,0,1,185
1106340,949,897,94.52,german,0,1,896
1111930,454,386,85.02,german,1,0,385
1113030,427,329,77.05,german,0,1,328
1114860,1156,74,6.4,turkish,1,3,70
1116170,431,193,44.78,russian,4,1,188
1116540,1384,1080,78.03,russian,3,5,1072
1117160,563,472,83.84,german,0,1,471
1118920,1624,1136,69.95,schinese,2,6,1128
1119730,4723,1442,30.53,turkish,14,6,1422
1124160,215,125,58.14,russian,0,0,125
1124180,2578,1183,45.89,schinese,2,4,1177
1125240,1731,1462,84.46,russian,3,7,1452
1129580,4440,1896,42.7,german,1,5,1890
1131620,2250,1634,72.62,japanese,3,9,1622
1133060,820,309,37.68,russian,5,0,304
1134700,4091,1337,32.68,russian,5,8,1324
1134710,2270,1288,56.74,schinese,3,11,1274
1135230,6952,4486,64.53,schinese,6,29,4451
1136380,2245,755,33.63,schinese,4,3,748
1137460,1977,324,16.39,koreana,4,4,316
1138100,1509,96,6.36,schinese,5,1,90
1138640,834,599,71.82,schinese,1,3,595
1139980,2100,1004,47.81,schinese,2,1,1001
1140620,1439,659,45.8,tchinese,4,3,652
1142130,1629,1091,66.97,russian,5,6,1080
1142220,235,178,75.74,french,0,2,176
1142810,373,141,37.8,polish,0,0,141
1144800,560,472,84.29,russian,1,3,468
1146940,290,157,54.14,russian,0,0,157
1147130,278,192,69.06,russian,0,0,192
1147940,554,388,70.04,spanish,0,2,386
1148480,501,30,5.99,russian,5,0,25
1149710,240,155,64.58,russian,0,0,155
1149940,582,422,72.51,french,0,0,422
1151130,212,95,44.81,russian,2,1,92
1154030,400,145,36.25,russian,1,0,144
1154120,286,222,77.62,russian,2,0,220
1157390,7499,3701,49.35,russian,12,19,3670
1158160,4045,2681,66.28,thai,14,8,2659
1158940,2276,455,19.99,turkish,0,1,454
1159690,8164,3990,48.87,russian,22,19,3949
1160490,2917,570,19.54,schinese,7,1,562
116100,410,252,61.46,spanish,0,4,248
1163690,439,345,78.59,spanish,2,4,339
1163740,552,338,61.23,schinese,0,2,336
1166990,1015,203,20.0,spanish,1,0,202
1167630,5797,4035,69.6,russian,8,22,4005
1169040,5061,2620,51.77,schinese,11,6,2603
1169740,505,203,40.2,schinese,0,1,202
1170950,2396,1723,71.91,russian,1,1,1721
1171690,2981,2175,72.96,schinese,3,1,2171
1173370,2747,1975,71.9,czech,3,9,1963
1178780,948,798,84.18,schinese,1,1,796
1180380,2299,881,38.32,russian,14,1,866
1181550,1923,1010,52.52,russian,2,3,1005
1181790,999,640,64.06,russian,4,3,633
1182020,3303,2452,74.24,german,4,12,2436
1190150,1966,922,46.9,russian,9,9,904
1191330,2216,464,20.94,german,3,5,456
1191830,567,224,39.51,spanish,1,0,223
1192900,847,718,84.77,russian,1,1,716
1196310,1053,779,73.98,brazilian,2,4,773
1198740,258,187,72.48,german,1,0,186
1200770,1022,746,72.99,german,0,1,745
1201540,4651,2317,49.82,schinese,12,10,2295
1201550,424,328,77.36,french,0,0,328
1203180,1000,644,64.4,spanish,0,2,642
1203190,5567,3559,63.93,russian,6,15,3538
1203370,348,31,8.91,russian,0,0,31
1203620,900,334,37.11,schinese,0,0,334
1206290,259,239,92.28,german,1,3,235
1206600,404,324,80.2,german,0,0,324
1207850,911,34,3.73,koreana,1,1,32
1210800,406,295,72.66,russian,2,1,292
1211020,5339,3151,59.02,german,3,14,3134
1216230,410,291,70.98,spanish,0,1,290
1216320,7316,3577,48.89,german,5,25,3547
1217050,459,266,57.95,schinese,0,1,265
1217060,5573,2662,47.77,schinese,12,6,2644
1219590,301,67,22.26,tchinese,4,1,62
1222210,373,57,15.28,schinese,3,1,53
1222300,1738,1420,81.7,german,1,12,1407
1227280,3341,1466,43.88,schinese,16,8,1442
1227650,5158,1874,36.33,schinese,13,10,1851
1230800,802,329,41.02,spanish,2,1,326
1232220,458,93,20.31,german,0,0,93
1234620,244,162,66.39,brazilian,1,0,161
1236720,1651,1277,77.35,german,1,5,1271
1239080,3839,2521,65.67,schinese,6,8,2507
1239300,1139,329,28.88,french,2,4,323
1239690,3004,1220,40.61,russian,21,10,1189
1240630,889,525,59.06,french,1,0,524
1241100,2200,1205,54.77,russian,7,0,1198
1243200,433,300,69.28,brazilian,1,3,296
1244910,274,75,27.37,french,0,1,74
1245250,451,280,62.08,russian,1,0,279
1252680,892,706,79.15,schinese,0,4,702
1253220,643,467,72.63,german,0,2,465
1257800,205,141,68.78,russian,1,2,138
1259440,1577,855,54.22,russian,5,5,845
1261180,351,147,41.88,brazilian,1,2,144
1263070,1260,673,53.41,schinese,1,0,672
1264520,662,611,92.3,spanish,1,3,607
1264970,574,257,44.77,schinese,1,1,255
1266540,2664,1613,60.55,german,1,5,1607
1268750,2577,1621,62.9,schinese,3,5,1613
1269300,673,513,76.23,schinese,1,3,509
1269690,1204,1003,83.31,russian,2,10,991
1271090,245,116,47.35,schinese,0,0,116
1272550,740,327,44.19,schinese,1,1,325
1273440,1197,658,54.97,russian,2,6,650
1273480,279,57,20.43,schinese,0,1,56
1273710,5690,2055,36.12,schinese,11,22,2022
1276660,1342,690,51.42,schinese,1,2,687
1277500,255,151,59.22,schinese,0,0,151
1277530,1305,507,38.85,schinese,3,2,502
1278060,2972,1804,60.7,german,7,12,1785
1279510,6329,3827,60.47,russian,17,29,3781
1280930,3722,1231,33.07,schinese,4,7,1220
1284190,5813,3436,59.11,french,7,1,3428
1285230,518,291,56.18,spanish,0,3,288
1290000,4926,3620,73.49,schinese,2,21,3597
1291790,583,269,46.14,schinese,2,0,267
1293650,280,216,77.14,russian,2,4,210
1295900,943,768,81.44,german,1,5,762
1297790,312,301,96.47,japanese,0,1,300
1300700,239,138,57.74,schinese,0,2,136
1302240,3688,1840,49.89,russian,4,5,1831
1304510,3809,1745,45.81,russian,8,20,1717
1304680,4879,3487,71.47,russian,8,14,3465
1304930,5220,2727,52.24,russian,15,12,2700
1305310,289,248,85.81,russian,1,0,247
1306770,425,133,31.29,schinese,0,0,133
1307550,2094,1096,52.34,schinese,3,2,1091
1307890,44,22,50.0,schinese,0,0,22
1310510,746,654,87.67,spanish,0,2,652
1313580,211,146,69.19,russian,2,2,142
1314000,2624,1039,39.6,schinese,4,5,1030
1315610,1560,701,44.94,russian,5,2,694
1320100,801,529,66.04,russian,2,1,526
1322100,202,168,83.17,schinese,0,1,167
1323900,836,249,29.78,russian,1,2,246
1324350,1037,763,73.58,german,1,2,760
1324780,1539,966,62.77,schinese,2,2,962
1326470,5500,2711,49.29,russian,12,1,2698
1328990,832,609,73.2,russian,0,3,606
1329510,1351,644,47.67,german,2,2,640
1329600,604,255,42.22,turkish,1,0,254
1330000,3899,2835,72.71,schinese,4,19,2812
1332760,354,205,57.91,schinese,0,0,205
1335830,7844,4359,55.57,schinese,16,14,4329
1338490,244,171,70.08,russian,1,1,169
1340180,501,250,49.9,russian,2,3,245
1341210,521,290,55.66,spanish,0,2,288
1342330,7738,2311,29.87,german,16,12,2283
1342790,531,347,65.35,russian,0,0,347
1343070,1839,873,47.47,german,5,3,865
1343520,292,97,33.22,german,0,1,96
1345820,3207,2141,66.76,russian,1,8,2132
1347630,203,126,62.07,brazilian,1,1,124
1347970,2781,1349,48.51,schinese,5,11,1333
1352080,2114,551,26.06,brazilian,2,2,547
1355780,317,73,23.03,russian,4,1,68
1357210,2518,1896,75.3,german,2,6,1888
1359090,2987,1627,54.47,russian,3,3,1621
1361000,1983,1033,52.09,spanish,2,3,1028
1363360,322,93,28.88,russian,4,0,89
1364290,3091,2143,69.33,brazilian,28,12,2103
1366850,430,181,42.09,russian,1,4,176
1369670,5059,3248,64.2,russian,3,24,3221
1369770,300,158,52.67,russian,1,2,155
1371580,2933,564,19.23,schinese,10,2,552
1371690,1521,1082,71.14,russian,5,2,1075
1371980,800,301,37.62,schinese,0,0,301
1374490,500,288,57.6,brazilian,0,0,288
1374580,353,157,44.48,schinese,1,4,152
1377380,2224,775,34.85,schinese,2,2,771
1380410,889,415,46.68,russian,4,5,406
1385380,3361,2550,75.87,schinese,5,7,2538
1385780,430,71,16.51,hungarian,0,1,70
1386650,363,77,21.21,schinese,1,0,76
1390700,848,253,29.83,russian,0,2,251
1394270,3546,1925,54.29,polish,7,11,1907
1397390,2606,2101,80.62,german,3,10,2088
1397790,782,634,81.07,spanish,1,3,630
1401590,2746,1942,70.72,german,0,17,1925
1402020,4482,3123,69.68,russian,6,18,3099
1403370,4500,3540,78.67,german,6,12,3522
1404090,240,228,95.0,french,0,1,227
1407180,693,328,47.33,german,2,1,325
1412190,3692,1769,47.91,russian,19,9,1741
1412470,477,130,27.25,schinese,1,3,126
1413250,200,67,33.5,schinese,1,2,64
1415220,555,463,83.42,french,1,1,461
1419640,1564,136,8.7,japanese,4,1,131
1419850,2209,1531,69.31,schinese,1,1,1529
1420350,1546,1258,81.37,spanish,1,5,1252
1422130,5415,985,18.19,polish,3,2,980
1424910,594,246,41.41,russian,7,5,234
1425000,2394,704,29.41,schinese,8,2,694
1425980,1668,700,41.97,russian,8,4,688
1426450,2893,1667,57.62,schinese,2,3,1662
1426490,1135,224,19.74,schinese,9,1,214
1427760,251,124,49.4,russian,1,3,120
1429880,696,425,61.06,schinese,1,1,423
1430970,304,111,36.51,schinese,3,0,108
1431780,337,143,42.43,spanish,0,2,141
1432320,1384,839,60.62,russian,6,3,830
1432860,4983,3334,66.91,schinese,6,12,3316
1436990,6303,351,5.57,turkish,1,8,342
1439750,1024,736,71.88,german,0,2,734
1440360,221,83,37.56,russian,1,1,81
1440670,1710,1528,89.36,german,0,17,1511
1442430,4117,1900,46.15,german,3,11,1886
1442670,2201,1059,48.11,schinese,9,10,1040
1446890,2338,674,28.83,russian,14,2,658
1450180,714,352,49.3,turkish,0,0,352
1451190,3570,2486,69.64,spanish,4,3,2479
1454370,836,495,59.21,russian,0,1,494
1455120,545,29,5.32,turkish,1,0,28
1455900,644,262,40.68,russian,1,3,258
1456200,5797,1537,26.51,russian,26,10,1501
1456940,2936,1825,62.16,schinese,9,4,1812
1457320,3239,2119,65.42,german,5,8,2106
1459960,250,119,47.6,russian,0,0,119
1460550,573,437,76.27,russian,1,3,433
1461600,1177,978,83.09,german,0,4,974
1462470,1476,1211,82.05,german,3,11,1197
1465070,3026,2381,78.68,koreana,7,9,2365
1469690,345,126,36.52,russian,1,4,121
1471410,3448,2729,79.15,russian,6,6,2717
1475400,929,261,28.09,russian,6,5,250
1475460,222,26,11.71,koreana,0,1,25
1476350,245,5,2.04,koreana,1,0,4
1476970,4656,3378,72.55,schinese,8,7,3363
1477590,6237,458,7.34,koreana,34,0,424
1481440,348,254,72.99,german,0,0,254
1482620,5504,2799,50.85,spanish,14,16,2769
1483870,2655,33,1.24,schinese,6,0,27
1485080,6224,4337,69.68,brazilian,14,44,4279
1487390,2196,691,31.47,koreana,9,2,680
1488310,1570,1251,79.68,german,0,0,1251
1492070,6002,4741,78.99,french,6,23,4712
1493520,677,468,69.13,russian,1,0,467
1494420,4871,3930,80.68,russian,5,10,3915
1494840,1467,931,63.46,russian,2,8,921
1501690,691,240,34.73,russian,3,1,236
1502660,1295,929,71.74,russian,4,13,912
1503790,639,344,53.83,schinese,2,3,339
1504570,809,71,8.78,schinese,2,0,69
1506850,936,811,86.65,french,2,5,804
1509230,243,130,53.5,russian,0,1,129
1510460,3801,2436,64.09,polish,12,26,2398
1511630,2220,1135,51.13,french,5,11,1119
1511780,1585,1331,83.97,schinese,1,19,1311
1512940,614,45,7.33,schinese,0,0,45
1514840,769,363,47.2,schinese,1,1,361
1520380,606,322,53.14,russian,1,1,320
1524630,746,376,50.4,german,0,0,376
1526490,1974,42,2.13,schinese,1,0,41
1527890,769,311,40.44,russian,2,2,307
1527910,4198,2815,67.06,russian,7,14,2794
1527950,4654,1979,42.52,schinese,5,5,1969
1530450,243,201,82.72,french,1,0,200
1532200,3712,2567,69.15,russian,7,12,2548
1533390,5898,5347,90.66,russian,2,16,5329
1534840,3976,3193,80.31,russian,3,2,3188
1537830,5320,2025,38.06,spanish,5,9,2011
1546280,299,99,33.11,russian,1,2,96
1546930,321,239,74.45,german,2,2,235
1547670,732,648,88.52,russian,0,2,646
1548850,1089,650,59.69,schinese,1,0,649
1550730,472,268,56.78,schinese,2,2,264
1552620,1765,1025,58.07,schinese,5,4,1016
1557990,5396,3725,69.03,german,15,26,3684
1558830,1205,861,71.45,russian,2,5,854
1561960,266,128,48.12,german,0,0,128
1562260,1082,471,43.53,turkish,6,1,464
1562420,6637,4623,69.65,russian,13,22,4588
1564600,1451,702,48.38,russian,2,3,697
1565890,301,219,72.76,russian,1,2,216
1566200,3655,3145,86.05,russian,2,19,3124
1568590,4079,1837,45.04,koreana,20,11,1806
1570330,2161,825,38.18,german,8,4,813
1570730,367,262,71.39,russian,0,3,259
1574000,1482,628,42.38,schinese,5,4,619
1574870,239,155,64.85,schinese,0,1,154
1574900,2332,1492,63.98,russian,1,6,1485
1575680,938,375,39.98,russian,9,2,364
1579020,418,351,83.97,german,0,2,349
1583320,2669,490,18.36,turkish,5,1,484
1584690,217,76,35.02,japanese,0,1,75
1585020,682,485,71.11,german,0,0,485
1586750,310,198,63.87,schinese,0,0,198
1589770,748,341,45.59,czech,1,3,337
1590320,3510,945,26.92,koreana,10,5,930
1591680,978,524,53.58,schinese,3,2,519
1592110,1896,814,42.93,schinese,3,6,805
1592290,1788,839,46.92,brazilian,8,2,829
1594880,1206,306,25.37,russian,4,0,302
1596950,619,493,79.64,russian,2,4,487
1598730,607,8,1.32,schinese,7,0,1
1604030,5784,3217,55.62,schinese,5,2,3210
1605220,2269,1451,63.95,russian,6,3,1442
1608470,325,198,60.92,schinese,2,1,195
1609370,803,387,48.19,german,0,1,386
1609730,611,543,88.87,spanish,0,7,536
1610900,2347,1987,84.66,russian,3,5,1979
1611600,3178,1999,62.9,schinese,7,3,1989
1618540,5437,3470,63.82,french,4,18,3448
1619310,740,258,34.86,russian,0,1,257
1620540,996,340,34.14,spanish,2,2,336
1621070,6106,4663,76.37,russian,8,16,4639
1621690,5951,3085,51.84,schinese,11,1,3073
1627850,718,411,57.24,schinese,4,7,400
1631270,200,92,46.0,german,0,0,92
1633370,441,376,85.26,schinese,0,1,375
1636030,534,235,44.01,schinese,3,0,232
1641960,6684,4015,60.07,german,4,18,3993
1646580,399,336,84.21,russian,1,2,333
1646790,237,139,58.65,german,1,0,138
1648190,588,354,60.2,french,2,0,352
1652250,2186,1135,51.92,schinese,2,7,1126
1657090,3737,1603,42.9,russian,5,6,1592
1657810,597,245,41.04,schinese,1,1,243
1660080,3670,2227,60.68,german,1,10,2216
1670780,1004,828,82.47,russian,3,1,824
1674010,1548,853,55.1,brazilian,1,3,849
1674820,386,296,76.68,german,1,1,294
1676380,365,307,84.11,german,0,2,305
1677110,4640,2712,58.45,russian,5,9,2698
1677570,203,72,35.47,russian,0,2,70
1677980,269,159,59.11,schinese,1,0,158
1679010,268,32,11.94,russian,2,0,30
1679220,1196,151,12.63,tchinese,0,2,149
1679290,2767,2185,78.97,russian,0,16,2169
1682050,1124,685,60.94,russian,2,3,680
1686820,1659,1366,82.34,spanish,1,7,1358
1689500,4293,2647,61.66,schinese,5,6,2636
1691280,1371,1299,94.75,german,3,9,1287
1691320,628,476,75.8,german,1,1,474
1693250,492,129,26.22,russian,1,0,128
1695840,4743,1433,30.21,turkish,8,5,1420
1696810,6000,4794,79.9,german,2,34,4758
1699860,212,131,61.79,russian,1,0,130
1701380,1754,1746,99.54,french,0,4,1742
1702010,7731,3116,40.31,german,10,13,3093
1702180,336,82,24.4,polish,1,1,80
1707540,275,132,48.0,russian,3,0,129
1707650,1121,749,66.82,turkish,1,6,742
1708460,1002,775,77.35,russian,0,3,772
1713810,1282,655,51.09,schinese,1,4,650
1714900,375,177,47.2,russian,1,0,176
1715730,2654,2028,76.41,russian,6,11,2011
1719390,429,320,74.59,brazilian,3,4,313
1722860,1579,870,55.1,russian,2,3,865
1722870,560,418,74.64,french,0,0,418
1723780,3610,1027,28.45,finnish,1,3,1023
1724030,264,242,91.67,russian,2,0,240
1726130,1109,193,17.4,schinese,3,1,189
1726530,749,635,84.78,russian,1,7,627
1730650,483,388,80.33,russian,0,0,388
1732430,2192,739,33.71,russian,11,2,726
1732920,679,137,20.18,czech,1,4,132
1739070,363,259,71.35,schinese,0,1,258
1739300,637,540,84.77,russian,1,2,537
1739650,201,30,14.93,schinese,0,0,30
1739880,462,237,51.3,russian,0,1,236
1741160,411,152,36.98,russian,0,2,150
1743830,739,343,46.41,spanish,0,1,342
1745680,201,153,76.12,russian,1,1,151
1751350,464,293,63.15,schinese,0,2,291
1753400,305,40,13.11,french,0,1,39
1754960,500,366,73.2,german,0,0,366
1756160,282,205,72.7,russian,1,1,203
1757300,300,195,65.0,russian,0,0,195
1758950,967,338,34.95,schinese,4,5,329
1759440,1029,951,92.42,russian,1,5,945
1761220,1093,841,76.94,schinese,1,3,837
1761900,324,273,84.26,russian,1,1,271
1763250,4876,3273,67.12,schinese,10,20,3243
1765300,728,251,34.48,russian,1,1,249
1766060,4391,1493,34.0,brazilian,5,4,1484
1769270,300,162,54.0,brazilian,0,1,161
1771180,534,221,41.39,brazilian,0,1,220
1772910,481,130,27.03,russian,0,2,128
1783280,752,465,61.84,schinese,0,1,464
1785120,224,143,63.84,french,0,1,142
1786010,246,113,45.93,french,1,1,111
1789480,1328,968,72.89,schinese,0,0,968
1791910,223,109,48.88,french,0,1,108
1794680,5400,3274,60.63,schinese,11,0,3263
1796720,441,327,74.15,german,0,0,327
1797680,604,475,78.64,german,0,2,473
1801110,2394,1452,60.65,schinese,0,2,1450
1802720,1566,150,9.58,koreana,7,0,143
1803390,413,403,97.58,spanish,0,0,403
1804470,1244,728,58.52,russian,3,1,724
1807080,4621,1383,29.93,russian,21,1,1361
1813170,568,411,72.36,german,1,0,410
1815530,347,272,78.39,russian,0,2,270
1817800,2263,1302,57.53,german,2,11,1289
1818180,302,214,70.86,russian,2,2,210
1821680,223,191,85.65,german,0,0,191
1826420,1073,462,43.06,russian,3,1,458
1840660,1101,655,59.49,russian,3,6,646
1843840,1054,762,72.3,schinese,0,1,761
1849250,3122,1676,53.68,schinese,5,7,1664
1850740,2074,586,28.25,russian,6,1,579
1857950,300,137,45.67,schinese,0,0,137
1864950,1688,1450,85.9,schinese,0,3,1447
1865010,201,2,1.0,schinese,0,0,2
1869500,754,500,66.31,russian,1,1,498
1869780,841,380,45.18,schinese,1,2,377
1871990,1033,440,42.59,spanish,2,4,434
1874880,3472,2163,62.3,russian,7,7,2149
1879340,687,302,43.96,schinese,2,5,295
1881610,2408,19,0.79,schinese,7,4,8
1883000,492,63,12.8,japanese,0,0,63
1886120,306,132,43.14,russian,2,4,126
1889620,611,462,75.61,russian,1,0,461
1889640,1125,643,57.16,russian,2,2,639
1890650,1128,475,42.11,russian,1,3,471
1893860,390,306,78.46,russian,1,3,302
1898300,800,371,46.38,russian,0,0,371
1901810,222,42,18.92,russian,0,0,42
1902880,365,245,67.12,brazilian,3,5,237
1903560,562,386,68.68,brazilian,1,0,385
1904820,2943,1042,35.41,russian,6,9,1027
1911610,700,309,44.14,schinese,3,0,306
1913370,5005,3739,74.71,russian,17,14,3708
1916310,698,427,61.17,french,0,6,421
1920430,2749,1897,69.01,russian,8,7,1882
1925560,1045,554,53.01,french,2,6,546
1927780,5055,1221,24.15,polish,3,12,1206
1928420,5191,1936,37.3,brazilian,7,2,1927
1928980,841,506,60.17,french,0,0,506
1929230,281,41,14.59,russian,5,2,34
1929610,3903,2027,51.93,russian,7,3,2017
1931180,2963,2289,77.25,german,0,0,2289
1932260,494,347,70.24,schinese,0,2,345
1942280,5400,1829,33.87,schinese,8,3,1818
1943950,6199,2246,36.23,schinese,20,0,2226
1944360,474,147,31.01,koreana,3,0,144
1945250,758,606,79.95,russian,0,3,603
1948430,2880,1686,58.54,russian,5,11,1670
1948800,6798,847,12.46,schinese,27,11,809
1949970,556,331,59.53,polish,2,5,324
1953230,2526,1216,48.14,schinese,4,5,1207
1955030,272,42,15.44,russian,0,0,42
1957780,1168,941,80.57,russian,0,0,941
1960480,462,308,66.67,russian,0,3,305
1961460,1300,621,47.77,russian,0,0,621
1962700,100,35,35.0,schinese,0,0,35
1963370,7755,2570,33.14,german,4,11,2555
1966720,1000,314,31.4,russian,0,0,314
1968730,3022,2053,67.94,german,11,39,2003
1969150,423,208,49.17,spanish,0,3,205
1969870,3846,62,1.61,schinese,4,0,58
1970020,277,31,11.19,schinese,0,1,30
1974050,2547,1092,42.87,russian,8,4,1080
1974220,257,90,35.02,schinese,0,0,90
1975580,1984,876,44.15,schinese,2,9,865
1983990,938,783,83.48,german,1,2,780
1985420,470,348,74.04,french,1,0,347
1990050,835,670,80.24,russian,0,7,663
1995520,3055,1716,56.17,german,3,4,1709
1997040,4540,2700,59.47,brazilian,7,16,2677
1997630,455,167,36.7,russian,1,2,164
200150,376,280,74.47,spanish,0,0,280
2010530,679,364,53.61,koreana,5,4,355
2012510,6450,3793,58.81,schinese,12,10,3771
2014780,6353,3141,49.44,schinese,14,26,3101
2015620,619,100,16.16,schinese,1,0,99
2016590,800,304,38.0,schinese,1,0,303
2022360,237,140,59.07,russian,0,1,139
2051500,1513,131,8.66,russian,17,2,112
2055500,296,183,61.82,schinese,0,0,183
2057770,329,122,37.08,schinese,1,2,119
2059530,1830,1382,75.52,german,2,7,1373
2067850,2165,515,23.79,russian,4,7,504
2070270,1906,1024,53.73,schinese,0,4,1020
2071280,3946,1892,47.95,schinese,8,7,1877
207140,4344,2321,53.43,brazilian,6,0,2315
2072640,251,98,39.04,russian,0,1,97
2072980,217,25,11.52,schinese,1,0,24
2074620,308,130,42.21,schinese,0,2,128
2075580,397,206,51.89,german,0,1,205
2077750,1469,655,44.59,german,3,5,647
2078450,4859,3591,73.9,schinese,7,9,3575
2080690,1100,472,42.91,russian,1,0,471
2081880,564,337,59.75,spanish,1,0,336
2082350,397,336,84.63,german,1,4,331
2084450,502,317,63.15,german,1,1,315
2085540,5011,2821,56.3,russian,3,15,2803
2089250,841,712,84.66,russian,1,1,710
2094070,386,326,84.46,german,0,1,325
2094600,374,118,31.55,russian,0,2,116
2099220,431,249,57.77,koreana,2,1,246
2103530,1633,1152,70.55,german,1,8,1143
2105910,666,586,87.99,brazilian,1,0,585
2106670,3271,1757,53.71,russian,11,8,1738
2107090,682,593,86.95,schinese,2,3,588
2111870,904,392,43.36,schinese,3,0,389
2113900,1267,741,58.48,russian,4,4,733
2115390,920,418,45.43,russian,2,3,413
2116120,5019,3484,69.42,german,2,13,3469
211820,7201,4412,61.27,russian,10,1,4401
2121150,1571,386,24.57,polish,2,5,379
2124930,908,605,66.63,russian,2,6,597
2126990,283,132,46.64,german,1,0,131
2138570,451,133,29.49,spanish,4,2,127
2140510,4803,4220,87.86,turkish,2,21,4197
2141730,1299,436,33.56,russian,5,0,431
2143030,3723,2632,70.7,brazilian,6,12,2614
214420,3241,1862,57.45,russian,6,3,1853
2152990,296,136,45.95,russian,2,2,132
2154230,468,34,7.26,japanese,3,0,31
2154270,382,204,53.4,russian,3,1,200
2155180,5449,1562,28.67,german,7,5,1550
215550,348,204,58.62,russian,2,0,202
2158270,274,147,53.65,brazilian,0,2,145
2160360,963,858,89.1,french,0,0,858
2162780,651,77,11.83,schinese,0,1,76
2165470,420,118,28.1,schinese,0,0,118
2168260,590,368,62.37,russian,0,0,368
2168680,1000,764,76.4,russian,2,0,762
2168810,493,9,1.83,schinese,1,0,8
217120,322,137,42.55,schinese,1,4,132
2175780,356,79,22.19,russian,0,3,76
2176900,247,213,86.23,russian,0,1,212
2178070,2048,1035,50.54,german,4,4,1027
2179380,1691,579,34.24,russian,10,6,563
2180600,3371,1814,53.81,brazilian,9,11,1794
2181940,1090,570,52.29,schinese,3,6,561
2182750,1545,970,62.78,russian,3,1,966
2183600,280,56,20.0,koreana,0,1,55
2184150,896,629,70.2,french,0,0,629
2186700,846,336,39.72,schinese,3,2,331
2192900,269,121,44.98,spanish,0,1,120
2193540,2521,1331,52.8,schinese,7,4,1320
2195410,2710,1126,41.55,schinese,3,2,1121
2196640,746,277,37.13,spanish,1,6,270
2196790,1155,67,5.8,schinese,1,0,66
2197890,1170,834,71.28,german,3,1,830
2199420,1401,1119,79.87,russian,2,2,1115
219990,5787,3311,57.21,schinese,10,1,3300
2202590,273,230,84.25,german,0,0,230
2204350,516,365,70.74,german,0,2,363
2206350,639,199,31.14,german,0,0,199
2208570,4091,1639,40.06,russian,12,13,1614
221100,7590,3271,43.1,russian,15,3,3253
2215270,461,182,39.48,russian,1,0,181
2215910,337,168,49.85,koreana,2,2,164
2216600,279,32,11.47,koreana,1,0,31
2217580,1283,843,65.71,brazilian,0,1,842
2218400,3290,624,18.97,schinese,9,3,612
2218970,907,526,57.99,spanish,1,0,525
2220870,249,220,88.35,german,0,1,219
2223700,1258,1012,80.45,russian,1,8,1003
2225960,1580,911,57.66,russian,2,4,905
2226280,5537,2923,52.79,russian,22,18,2883
2230170,988,665,67.31,russian,1,3,661
2234020,312,120,38.46,russian,1,2,117
223410,812,557,68.6,russian,2,3,552
2234150,1559,553,35.47,russian,7,0,546
2235200,2244,452,20.14,schinese,7,2,443
2239140,2679,1198,44.72,russian,10,6,1182
2241380,473,359,75.9,schinese,0,1,358
2242760,2461,1011,41.08,russian,12,4,995
2248760,3252,718,22.08,turkish,11,1,706
2249550,206,5,2.43,schinese,1,1,3
2250500,1698,1017,59.89,russian,9,6,1002
225600,4683,2892,61.76,russian,10,14,2868
2258890,1001,229,22.88,schinese,9,1,219
226100,1099,760,69.15,schinese,2,1,757
2262080,573,187,32.64,japanese,2,1,184
2264340,829,297,35.83,spanish,1,1,295
226860,2584,2144,82.97,german,1,1,2142
2269950,1079,776,71.92,brazilian,1,3,772
2270210,600,127,21.17,polish,0,0,127
2271930,2333,754,32.32,schinese,6,0,748
2272630,226,195,86.28,russian,0,2,193
2273430,4822,780,16.18,schinese,10,2,768
2274510,281,272,96.8,russian,0,1,271
2275020,2089,704,33.7,russian,9,5,690
2275440,545,490,89.91,russian,0,0,490
2276850,327,256,78.29,russian,1,1,254
227780,3802,1436,37.77,russian,21,16,1399
227860,3484,2395,68.74,russian,4,1,2390
228380,4960,3208,64.68,german,6,1,3201
2285150,1423,550,38.65,schinese,0,1,549
2290000,2214,974,43.99,german,3,5,966
2292370,349,87,24.93,turkish,0,1,86
2293680,459,385,83.88,russian,0,0,385
2296550,770,501,65.06,schinese,0,0,501
2300230,684,106,15.5,turkish,0,0,106
230190,1620,1155,71.3,german,0,0,1155
230230,3962,2691,67.92,russian,2,2,2687
2304620,702,452,64.39,german,1,4,447
2306590,56,27,48.21,russian,0,0,27
230860,796,576,72.36,turkish,0,0,576
2309400,602,288,47.84,german,1,1,286
2312280,580,386,66.55,russian,0,0,386
2313330,2275,1390,61.1,russian,3,4,1383
2314160,3738,3067,82.05,russian,4,8,3055
2318480,1798,1661,92.38,russian,1,12,1648
232090,5852,2880,49.21,schinese,16,4,2860
2321880,225,56,24.89,thai,6,1,49
2325290,799,330,41.3,russian,2,0,328
233610,7546,5572,73.84,russian,6,20,5546
2336220,6411,281,4.38,schinese,18,3,260
2336720,3408,2232,65.49,german,6,4,2222
233980,2363,976,41.3,spanish,26,2,948
2343650,5092,1507,29.6,french,4,15,1488
2343930,328,155,47.26,turkish,0,0,155
2344320,5839,4383,75.06,russian,7,17,4359
2347080,920,538,58.48,schinese,0,3,535
2347910,511,127,24.85,thai,25,1,101
2350020,379,281,74.14,french,0,0,281
2352620,300,199,66.33,russian,2,0,197
2354570,309,240,77.67,brazilian,1,0,239
2357000,1665,1207,72.49,russian,2,11,1194
235800,6044,3861,63.88,russian,14,16,3831
2358040,245,164,66.94,russian,0,1,163
2359470,416,303,72.84,russian,3,0,300
236110,3767,2385,63.31,german,4,1,2380
2363590,532,187,35.15,russian,1,1,185
236510,5713,3090,54.09,russian,19,7,3064
237350,272,235,86.4,french,0,0,235
2375530,384,308,80.21,russian,2,2,304
238240,2726,2176,79.82,russian,3,8,2165
2388460,593,425,71.67,russian,2,0,423
2391900,228,166,72.81,russian,0,1,165
2392280,370,289,78.11,koreana,1,1,287
2395810,959,7,0.73,schinese,2,0,5
2399420,4684,2065,44.09,french,3,11,2051
2399830,1000,293,29.3,schinese,0,0,293
2400880,261,190,72.8,german,2,0,188
2406180,292,261,89.38,french,0,2,259
2406770,800,295,36.88,russian,0,0,295
2408920,314,2,0.64,schinese,0,0,2
241240,1312,1003,76.45,russian,0,4,999
2413050,436,233,53.44,russian,3,1,229
2418520,5355,2345,43.79,schinese,16,22,2307
242130,741,465,62.75,schinese,1,2,462
242680,3926,3319,84.54,spanish,4,3,3312
242760,8078,3267,40.44,schinese,11,1,3255
2427700,3062,939,30.67,schinese,7,7,925
242860,5034,3535,70.22,russian,5,4,3526
242880,3903,3010,77.12,russian,3,5,3002
2436940,6370,978,15.35,koreana,8,5,965
2437170,700,377,53.86,russian,2,0,375
2437670,658,518,78.72,russian,0,1,517
2438160,1027,334,32.52,russian,3,4,327
2438990,866,405,46.77,schinese,2,2,401
244030,2030,1281,63.1,german,0,6,1275
244210,3530,1767,50.06,french,4,0,1763
2443090,200,118,59.0,russian,3,0,115
244410,308,183,59.42,russian,1,2,180
244450,1216,588,48.36,russian,3,0,585
244590,1145,582,50.83,russian,6,3,573
244770,2991,2355,78.74,german,3,1,2351
244850,6366,3926,61.67,russian,5,0,3921
2453660,674,552,81.9,brazilian,1,0,551
2456080,707,241,34.09,russian,1,1,239
246620,3860,2045,52.98,schinese,6,3,2036
2467300,220,202,91.82,german,0,1,201
2467810,960,577,60.1,german,0,2,575
246900,2441,1907,78.12,russian,1,4,1902
246940,395,301,76.2,german,1,1,299
247080,2329,1794,77.03,koreana,2,3,1789
2475010,214,125,58.41,tchinese,2,0,123
2479810,799,361,45.18,schinese,0,0,361
248390,1925,1012,52.57,russian,1,0,1011
248610,1023,686,67.06,russian,1,1,684
2486740,4783,3208,67.07,swedish,1,19,3188
2488620,3683,1752,47.57,german,6,10,1736
249050,2301,1716,74.58,french,3,2,1711
2497560,444,212,47.75,russian,4,1,207
249950,547,440,80.44,french,0,0,440
25000,3378,2805,83.04,russian,2,3,2800
250110,2014,1558,77.36,schinese,2,2,1554
2502650,516,158,30.62,russian,0,2,156
2503220,347,180,51.87,brazilian,0,0,180
2503740,1076,411,38.2,koreana,5,1,405
2504090,1425,756,53.05,german,2,6,748
250420,4312,2878,66.74,russian,9,10,2859
2505020,253,66,26.09,polish,1,3,62
250560,1339,927,69.23,russian,1,2,924
2506440,208,185,88.94,russian,0,0,185
251210,314,227,72.29,russian,0,0,227
251570,9300,4199,45.15,russian,8,1,4190
251670,1874,1227,65.47,russian,5,3,1219
251950,3795,2048,53.97,schinese,7,6,2035
2519830,1580,1359,86.01,russian,3,9,1347
2520870,295,25,8.47,schinese,0,0,25
252870,5726,4874,85.12,russian,2,15,4857
253250,3360,2223,66.16,german,2,2,2219
253510,1164,942,80.93,russian,5,4,933
2541890,282,229,81.21,german,0,0,229
254200,3050,2388,78.3,german,0,6,2382
2553040,535,216,40.37,schinese,0,0,216
2564910,495,386,77.98,french,3,1,382
2566340,953,390,40.92,russian,7,1,382
2569510,1687,1008,59.75,koreana,6,9,993
257730,3467,2359,68.04,schinese,2,9,2348
2587450,971,443,45.62,russian,2,2,439
2593340,226,34,15.04,schinese,0,0,34
2593870,737,228,30.94,spanish,0,3,225
2598980,241,130,53.94,brazilian,1,4,125
2599370,428,367,85.75,german,0,0,367
260430,4078,2755,67.56,german,4,9,2742
2605790,100,65,65.0,russian,1,0,64
2613870,431,224,51.97,russian,2,3,219
2613950,215,172,80.0,russian,0,0,172
261550,6200,2603,41.98,schinese,7,4,2592
2617700,4034,902,22.36,schinese,15,3,884
2620240,735,156,21.22,koreana,3,0,153
262120,1184,717,60.56,schinese,1,4,712
2625420,500,187,37.4,russian,1,0,186
263020,706,643,91.08,french,2,3,638
263060,6318,2678,42.39,russian,16,13,2649
263720,813,468,57.56,spanish,3,1,464
263920,294,166,56.46,russian,0,0,166
264000,204,143,70.1,german,0,0,143
2644050,550,353,64.18,schinese,0,1,352
265590,2557,1390,54.36,russian,6,11,1373
265750,1303,894,68.61,russian,1,0,893
265970,586,376,64.16,russian,0,3,373
2661300,400,168,42.0,schinese,0,0,168
266430,2197,1683,76.6,russian,4,7,1672
2670630,5318,2707,50.9,german,5,3,2699
268220,823,487,59.17,russian,0,2,485
2682580,3065,1490,48.61,russian,10,9,1471
268650,4202,3670,87.34,german,4,1,3665
2686580,343,43,12.54,koreana,2,0,41
2686630,2579,1511,58.59,german,4,3,1504
268750,7588,4809,63.38,german,10,7,4792
2687970,1380,1269,91.96,french,0,4,1265
268870,5339,3363,62.99,russian,12,14,3337
2689120,1150,641,55.74,schinese,1,1,639
2694490,600,203,33.83,russian,0,0,203
2695490,3515,1676,47.68,russian,17,16,1643
2696400,654,27,4.13,koreana,1,0,26
269770,6507,3199,49.16,schinese,9,10,3180
2698780,6134,2646,43.14,german,7,11,2628
2698870,470,350,74.47,brazilian,1,3,346
2701080,1071,983,91.78,german,0,4,979
270150,1482,1140,76.92,russian,0,0,1140
2703850,6929,4875,70.36,russian,5,26,4844
270450,3876,3329,85.89,german,5,8,3316
2708450,2568,1974,76.87,russian,4,10,1960
2708790,469,141,30.06,russian,15,0,126
271240,5702,4159,72.94,schinese,2,8,4149
2714970,642,169,26.32,schinese,6,0,163
2716120,424,324,76.42,brazilian,0,2,322
2717010,840,99,11.79,koreana,4,0,95
272230,3389,2834,83.62,brazilian,0,5,2829
272890,1108,747,67.42,russian,3,5,739
273500,1528,594,38.87,russian,2,8,584
2735220,281,96,34.16,brazilian,0,0,96
274190,5129,3064,59.74,russian,8,2,3054
2747330,300,173,57.67,russian,0,0,173
2748340,2303,1581,68.65,german,4,9,1568
2752710,1289,462,35.84,russian,5,8,449
2761670,2023,11,0.54,schinese,5,0,6
2764750,1344,1158,86.16,french,1,2,1155
2765460,260,183,70.38,german,0,2,181
276810,2100,1487,70.81,french,1,0,1486
2768430,600,375,62.5,russian,1,0,374
2772990,1075,764,71.07,polish,2,1,761
2780980,2486,1335,53.7,russian,15,2,1318
2784470,500,209,41.8,brazilian,0,0,209
2786550,899,772,85.87,german,1,4,767
2788040,1137,162,14.25,russian,3,0,159
279140,455,318,69.89,schinese,0,0,318
2791440,16,15,93.75,spanish,0,0,15
2794590,1210,247,20.41,russian,8,0,239
2795540,1688,545,32.29,schinese,7,1,537
2796180,1196,609,50.92,russian,2,3,604
280180,2164,1440,66.54,schinese,2,6,1432
2805060,518,452,87.26,russian,0,1,451
280520,1406,1006,71.55,russian,0,2,1004
280790,5688,2717,47.77,brazilian,11,0,2706
2810780,503,400,79.52,brazilian,1,0,399
2818260,7922,2796,35.29,russian,24,6,2766
282050,832,507,60.94,french,1,2,504
2820820,7640,3128,40.94,schinese,19,14,3095
2824490,4048,2593,64.06,russian,6,11,2576
282590,720,599,83.19,german,0,0,599
2827200,300,99,33.0,russian,1,0,98
2828860,700,398,56.86,russian,0,0,398
2835530,754,309,40.98,russian,3,1,305
2840210,694,418,60.23,russian,4,2,412
2846060,475,261,54.95,brazilian,4,3,254
285820,869,616,70.89,spanish,1,5,610
285840,797,476,59.72,russian,0,4,472
285900,4826,2870,59.47,schinese,7,3,2860
285920,2996,2028,67.69,russian,4,4,2020
286160,1956,1698,86.81,german,1,0,1697
2868840,200,49,24.5,schinese,0,0,49
2878420,5234,907,17.33,schinese,8,8,891
288140,915,826,90.27,german,0,0,826
289130,2541,1872,73.67,french,5,4,1863
2892880,2951,22,0.75,schinese,9,2,11
289760,546,406,74.36,russian,2,0,404
290080,3117,1645,52.78,russian,3,1,1641
290340,1459,996,68.27,russian,2,2,992
2903710,512,216,42.19,turkish,3,0,213
2909110,700,394,56.29,russian,2,0,392
2909580,471,166,35.24,japanese,1,0,165
291550,7640,3578,46.83,brazilian,13,0,3565
2916430,5004,2500,49.96,german,13,11,2476
292000,700,323,46.14,schinese,0,0,323
293760,3751,2741,73.07,brazilian,2,1,2738
293780,7295,5116,70.13,schinese,9,21,5086
293840,432,253,58.56,russian,1,1,251
2939600,319,259,81.19,russian,0,4,255
294000,408,269,65.93,spanish,0,2,267
2941660,245,204,83.27,french,0,0,204
2943670,340,116,34.12,german,0,0,116
2948190,5057,2053,40.6,russian,21,10,2022
2949320,3073,1219,39.67,japanese,8,1,1210
2955840,581,182,31.33,russian,1,7,174
2956680,4220,3034,71.9,russian,5,9,3020
295670,372,283,76.08,russian,0,1,282
295690,1369,828,60.48,russian,5,5,818
2960770,634,451,71.14,turkish,0,1,450
2961880,6150,3749,60.96,russian,9,18,3722
2963880,5296,3006,56.76,russian,13,16,2977
2965660,3792,2999,79.09,spanish,6,6,2987
2971900,801,190,23.72,russian,7,2,181
2976900,455,282,61.98,spanish,0,1,281
2980270,659,335,50.83,russian,1,3,331
298050,2956,1828,61.84,russian,2,0,1826
298240,3947,2085,52.82,russian,6,2,2077
298610,4457,2540,56.99,russian,3,0,2537
299480,989,268,27.1,schinese,1,1,266
299740,4168,2014,48.32,russian,12,3,1999
300380,3087,1981,64.17,russian,4,0,1977
3009300,2205,731,33.15,schinese,3,2,726
3010460,536,105,19.59,koreana,2,1,102
301120,1376,1026,74.56,russian,1,4,1021
3019850,330,172,52.12,russian,1,1,170
3023190,225,3,1.33,japanese,1,0,2
302590,4324,1965,45.44,russian,5,8,1952
302670,3728,1824,48.93,russian,7,2,1815
302830,3297,842,25.54,russian,7,6,829
3032020,513,182,35.48,russian,2,4,176
304930,7797,3135,40.21,russian,11,1,3123
3051280,997,662,66.4,russian,1,5,656
3053950,3333,926,27.78,brazilian,2,10,914
3058360,510,90,17.65,schinese,0,0,90
3062930,4947,1573,31.8,russian,19,11,1543
3063750,416,204,49.04,russian,3,0,201
306660,2709,2110,77.89,german,0,2,2108
3068670,230,171,74.35,japanese,0,0,171
307110,6046,3565,58.96,polish,5,10,3550
3075800,239,162,67.78,russian,0,0,162
307880,6688,4419,66.07,russian,4,6,4409
307960,236,136,57.63,russian,0,0,136
3082170,325,254,78.15,russian,0,3,251
308600,3343,1598,47.8,schinese,11,13,1574
3097560,700,252,36.0,schinese,0,0,252
310510,2267,1278,56.37,russian,3,5,1270
3105440,100,53,53.0,schinese,1,0,52
3105890,3573,1301,36.41,russian,71,3,1227
3107230,5070,4631,91.34,german,1,11,4619
311310,3012,1773,58.86,german,3,0,1770
3116640,420,218,51.9,russian,0,2,216
311800,674,616,91.39,german,0,1,615
3121110,600,200,33.33,turkish,0,0,200
3125250,1734,1090,62.86,russian,5,3,1082
3126470,1249,159,12.73,russian,4,2,153
3127650,1287,125,9.71,russian,11,1,113
313120,6181,3262,52.77,russian,2,8,3252
3132860,1058,96,9.07,schinese,13,0,83
314000,2599,1046,40.25,schinese,3,13,1030
314010,750,433,57.73,russian,1,5,427
3140620,828,543,65.58,russian,2,2,539
3140990,514,305,59.34,russian,1,0,304
314410,3608,1647,45.65,russian,11,4,1632
314430,1158,350,30.22,turkish,4,4,342
314520,1829,709,38.76,french,4,0,705
3148160,361,179,49.58,schinese,1,0,178
314980,1253,897,71.59,russian,0,1,896
3151710,252,95,37.7,russian,0,0,95
315460,4281,2218,51.81,russian,7,6,2205
3159570,449,370,82.41,brazilian,1,0,369
316430,2100,1013,48.24,russian,5,2,1006
3164500,500,185,37.0,russian,0,0,185
316930,721,389,53.95,russian,0,1,388
3179350,284,143,50.35,russian,0,1,142
318100,2267,652,28.76,russian,6,4,642
3183280,7845,3381,43.1,brazilian,35,22,3324
3189430,514,197,38.33,spanish,1,1,195
319050,1141,846,74.15,russian,0,2,844
3191050,6765,4295,63.49,brazilian,14,8,4273
319540,688,277,40.26,german,0,0,277
319830,1226,324,26.43,russian,6,10,308
319910,1687,739,43.81,russian,1,1,737
3199170,4415,1380,31.26,russian,11,1,1368
3201910,341,137,40.18,russian,1,0,136
320540,761,321,42.18,russian,2,3,316
3211680,941,294,31.24,turkish,3,3,288
321270,2146,1242,57.88,russian,6,13,1223
321360,1023,717,70.09,russian,1,2,714
321400,3246,1539,47.41,russian,16,9,1514
321830,220,176,80.0,russian,0,2,174
3220170,734,296,40.33,russian,9,2,285
322110,4574,3163,69.15,brazilian,8,6,3149
322330,6529,2482,38.02,schinese,15,0,2467
3224910,325,190,58.46,finnish,1,2,187
3225420,344,168,48.84,turkish,0,0,168
3228590,3917,2339,59.71,russian,11,3,2325
3232040,647,413,63.83,russian,2,2,409
323670,557,417,74.87,spanish,0,2,415
323850,1519,594,39.1,schinese,1,0,593
324080,5956,3497,58.71,german,4,10,3483
3245050,277,149,53.79,russian,0,1,148
324510,2771,2156,77.81,german,1,3,2152
3247750,4609,3378,73.29,russian,10,9,3359
324810,5926,3915,66.06,russian,16,12,3887
325210,2520,1176,46.67,russian,11,5,1160
325260,1216,588,48.36,spanish,5,2,581
3253530,1131,528,46.68,russian,2,3,523
325420,971,756,77.86,russian,0,2,754
3257000,3688,1113,30.18,russian,18,7,1088
326410,3628,2636,72.66,german,6,10,2620
326460,5529,3411,61.69,german,2,6,3403
327090,3050,1335,43.77,russian,2,2,1331
328070,1580,1319,83.48,russian,0,4,1315
3288270,712,416,58.43,russian,0,0,416
329070,1614,1267,78.5,russian,5,5,1257
329460,531,398,74.95,russian,1,0,397
3295810,238,63,26.47,ukrainian,1,1,61
330270,283,179,63.25,russian,0,0,179
330580,1883,881,46.79,russian,4,4,873
331200,996,660,66.27,japanese,0,2,658
331500,1457,1265,86.82,russian,1,4,1260
332250,282,185,65.6,french,0,1,184
332310,3257,1819,55.85,russian,9,0,1810
332500,6915,4158,60.13,russian,5,7,4146
332570,3714,2512,67.64,brazilian,6,6,2500
3336520,817,108,13.22,schinese,2,0,106
3338950,1268,600,47.32,russian,4,3,593
333950,7320,5117,69.9,german,4,17,5096
334040,2139,1113,52.03,russian,8,5,1100
334540,1295,1021,78.84,german,2,2,1017
3352240,1426,569,39.9,schinese,4,2,563
3354260,247,160,64.78,german,1,1,158
335430,1015,589,58.03,russian,5,4,580
3354750,300,206,68.67,brazilian,0,0,206
335700,287,81,28.22,russian,1,0,80
3363030,246,42,17.07,russian,1,1,40
336440,477,98,20.55,italian,0,0,98
337320,5807,3107,53.5,russian,10,17,3080
3376250,2340,494,21.11,schinese,8,2,484
338170,3938,3280,83.29,russian,6,14,3260
3384090,287,237,82.58,russian,0,1,236
3384440,390,49,12.56,schinese,1,3,45
338530,398,231,58.04,russian,1,2,228
3385970,1226,972,79.28,russian,1,2,969
338810,554,286,51.62,russian,2,5,279
338820,371,217,58.49,russian,2,5,210
3400960,2577,1426,55.34,german,3,8,1415
340580,540,279,51.67,schinese,0,1,278
3407390,2730,1532,56.12,russian,10,2,1520
3408170,525,173,32.95,russian,4,1,168
342310,1936,895,46.23,schinese,6,5,884
342480,1248,796,63.78,russian,1,4,791
342560,6568,5127,78.06,schinese,6,19,5102
342940,5015,4500,89.73,german,3,11,4486
343360,2795,952,34.06,russian,4,17,931
343630,445,204,45.84,russian,1,2,201
3441460,976,210,21.52,german,3,2,205
3444080,408,160,39.22,german,1,0,159
3445340,1005,449,44.68,turkish,0,2,447
344740,1945,1286,66.12,russian,6,10,1270
344760,2811,1770,62.97,russian,2,1,1767
3447690,812,254,31.28,russian,2,3,249
345180,6446,2868,44.49,schinese,11,9,2848
345330,1447,669,46.23,russian,2,5,662
3453600,1638,609,37.18,schinese,1,1,607
3454650,3665,2931,79.97,russian,2,8,2921
346010,6561,2983,45.47,schinese,13,4,2966
346110,6999,3330,47.58,german,3,0,3327
346330,5207,2085,40.04,russian,16,13,2056
346460,257,220,85.6,german,0,0,220
346970,432,383,88.66,german,0,1,382
347160,966,621,64.29,french,1,1,619
347600,763,727,95.28,french,0,4,723
3478870,500,161,32.2,russian,0,0,161
3484300,1208,538,44.54,german,1,2,535
3484640,380,311,81.84,french,0,0,311
3491280,320,221,69.06,german,0,0,221
3494520,1661,756,45.51,russian,1,1,754
3498270,1273,320,25.14,french,0,1,319
3498390,596,233,39.09,schinese,1,1,231
350740,1205,554,45.98,spanish,4,4,546
351100,2337,682,29.18,russian,4,1,677
351290,5473,1620,29.6,russian,16,2,1602
351630,232,154,66.38,german,0,3,151
352950,910,370,40.66,schinese,2,0,368
355180,3635,1724,47.43,russian,7,3,1714
355400,317,147,46.37,russian,1,0,146
356070,987,292,29.58,russian,0,1,291
357310,2992,920,30.75,schinese,3,1,916
3576070,669,184,27.5,japanese,2,1,181
357650,240,161,67.08,russian,0,0,161
357670,225,184,81.78,japanese,0,1,183
3576880,230,165,71.74,russian,1,1,163
358130,4493,1565,34.83,schinese,4,2,1559
3588490,1357,740,54.53,turkish,2,6,732
359840,4375,864,19.75,schinese,21,5,838
360170,2866,689,24.04,schinese,8,0,681
3602720,260,241,92.69,russian,0,0,241
360730,777,504,64.86,russian,4,5,495
361040,432,223,51.62,italian,0,1,222
361280,1124,704,62.63,schinese,0,2,702
361420,5037,2286,45.38,schinese,6,0,2280
3616560,549,131,23.86,russian,4,1,126
362400,330,179,54.24,russian,29,8,142
362620,7772,5736,73.8,german,5,27,5704
362890,7997,4773,59.68,russian,18,3,4752
363530,325,270,83.08,russian,0,0,270
364420,3731,2428,65.08,schinese,3,4,2421
3645890,3417,2444,71.52,russian,2,13,2429
3649730,532,156,29.32,schinese,0,0,156
365810,923,373,40.41,schinese,1,1,371
366090,57,42,73.68,czech,0,1,41
366290,234,126,53.85,french,0,2,124
3669570,2460,1259,51.18,german,3,5,1251
3669720,535,120,22.43,russian,2,2,116
368180,1225,564,46.04,russian,3,1,560
3681820,222,192,86.49,russian,0,0,192
369080,245,115,46.94,german,0,0,115
369990,765,236,30.85,schinese,3,0,233
3702930,412,171,41.5,polish,0,1,170
370350,725,87,12.0,german,1,0,86
3706810,2002,1873,93.56,spanish,2,4,1867
370770,1237,452,36.54,brazilian,6,4,442
3712080,2251,1680,74.63,russian,2,0,1678
371510,340,174,51.18,schinese,0,2,172
3716600,400,204,51.0,russian,0,0,204
3725630,229,208,90.83,turkish,0,1,207
372800,2959,1536,51.91,schinese,5,6,1525
374040,3241,879,27.12,schinese,4,0,875
374280,4563,1195,26.19,russian,9,7,1179
375480,5036,2007,39.85,schinese,9,4,1994
375530,4353,1661,38.16,german,5,1,1655
375600,1727,1380,79.91,russian,4,8,1368
376210,3699,2051,55.45,russian,4,0,2047
377060,427,283,66.28,french,1,0,282
377260,325,180,55.38,russian,1,3,176
3775510,237,161,67.93,russian,0,0,161
378360,1115,668,59.91,french,1,3,664
378370,4624,1813,39.21,brazilian,9,11,1793
378760,2986,1361,45.58,russian,8,6,1347
379210,1365,1010,73.99,schinese,0,5,1005
380600,3790,1540,40.63,russian,6,1,1533
381020,1225,966,78.86,schinese,1,3,962
3811390,794,15,1.89,koreana,2,0,13
3815750,585,443,75.73,russian,0,0,443
381750,254,205,80.71,french,1,2,202
382050,792,597,75.38,russian,0,1,596
382260,675,347,51.41,spanish,4,6,337
383120,5573,3343,59.99,russian,3,7,3333
383230,2227,1459,65.51,schinese,0,4,1455
383790,687,516,75.11,russian,3,1,512
383980,1835,1636,89.16,spanish,1,1,1634
384180,1008,617,61.21,russian,2,1,614
3844750,527,380,72.11,russian,0,1,379
384500,698,490,70.2,schinese,0,0,490
384960,390,251,64.36,german,0,0,251
385270,1212,494,40.76,russian,2,4,488
385380,2381,1107,46.49,russian,2,2,1103
386180,3864,1481,38.33,russian,7,0,1474
3894440,947,566,59.77,russian,1,1,564
390560,2100,1525,72.62,brazilian,1,8,1516
391460,3772,1439,38.15,russian,10,3,1426
3918850,1694,631,37.25,russian,6,5,620
392110,2129,1122,52.7,schinese,2,0,1120
3922920,307,241,78.5,spanish,0,0,241
393380,7800,4725,60.58,schinese,10,1,4714
393420,5397,1102,20.42,russian,10,3,1089
394120,461,346,75.05,french,1,6,339
394690,3994,3058,76.56,turkish,3,4,3051
394760,2312,1158,50.09,russian,0,3,1155
396900,5137,3252,63.31,russian,11,10,3231
397060,7206,3555,49.33,schinese,9,4,3542
397160,310,198,63.87,french,0,0,198
397310,493,156,31.64,german,0,2,154
397390,287,274,95.47,russian,0,0,274
3997970,356,248,69.66,german,0,0,248
399820,2767,766,27.68,turkish,3,3,760
400080,2960,1231,41.59,schinese,5,6,1220
400450,908,623,68.61,russian,2,43,578
4020490,912,826,90.57,german,0,0,826
402560,1624,1049,64.59,russian,2,7,1040
405710,4838,3025,62.53,german,6,10,3009
407530,1988,948,47.69,schinese,4,2,942
407840,3615,2422,67.0,russian,6,5,2411
408960,215,177,82.33,russian,0,0,177
410340,1001,723,72.23,german,0,1,722
411120,234,108,46.15,russian,0,1,107
411480,296,163,55.07,russian,2,5,156
411970,795,692,87.04,spanish,1,3,688
411980,254,233,91.73,french,0,0,233
412470,1081,249,23.03,russian,4,5,240
4124950,255,138,54.12,russian,0,0,138
4134600,277,141,50.9,german,0,0,141
414190,474,368,77.64,schinese,0,2,366
415270,1879,741,39.44,russian,8,3,730
415590,2302,1145,49.74,schinese,5,1,1139
416040,265,116,43.77,russian,1,4,111
416450,542,204,37.64,russian,2,3,199
4173620,404,310,76.73,german,0,2,308
4175080,721,493,68.38,brazilian,0,1,492
417910,1622,505,31.13,russian,1,4,500
418030,3340,1831,54.82,german,1,0,1830
418180,2622,1111,42.37,russian,30,5,1076
418340,2264,1376,60.78,schinese,4,1,1371
418620,1187,566,47.68,brazilian,0,1,565
419520,554,322,58.12,german,0,3,319
4197990,593,358,60.37,russian,1,0,357
420290,4054,2117,52.22,russian,6,4,2107
420550,206,115,55.83,italian,0,0,115
420930,1756,1324,75.4,russian,4,14,1306
423490,629,288,45.79,russian,2,1,285
423810,675,294,43.56,schinese,1,2,291
423890,758,499,65.83,russian,2,5,492
424030,2600,2068,79.54,schinese,1,0,2067
424830,426,205,48.12,russian,3,2,200
427410,5500,3698,67.24,russian,14,0,3684
427520,7600,4484,59.0,schinese,9,1,4474
427730,2416,1594,65.98,russian,3,0,1591
428080,540,414,76.67,german,0,0,414
428180,538,85,15.8,schinese,5,3,77
428190,255,91,35.69,russian,1,0,90
428430,1409,516,36.62,russian,1,7,508
429050,3489,2212,63.4,schinese,3,1,2208
429620,1236,440,35.6,schinese,1,1,438
429780,701,351,50.07,brazilian,0,3,348
429790,5662,3947,69.71,brazilian,3,15,3929
431240,6328,5068,80.09,german,2,10,5056
431450,496,290,58.47,russian,2,0,288
431600,2585,945,36.56,brazilian,1,1,943
4323990,1580,1215,76.9,russian,1,3,1211
4324480,617,241,39.06,german,1,1,239
433530,4011,2327,58.02,russian,8,8,2311
434510,322,186,57.76,russian,1,8,177
434650,3842,243,6.32,schinese,8,1,234
434730,3285,1435,43.68,russian,5,5,1425
435150,5897,3520,59.69,schinese,5,1,3514
435490,277,221,79.78,german,0,0,221
436230,377,296,78.51,french,0,1,295
436260,234,18,7.69,italian,0,0,18
436320,2491,2041,81.93,german,2,1,2038
436530,282,61,21.63,russian,1,1,59
4369490,435,286,65.75,russian,2,0,284
4375230,348,21,6.03,schinese,1,0,20
438100,3237,1511,46.68,schinese,3,0,1508
438320,222,82,36.94,schinese,1,0,81
440310,2675,1887,70.54,russian,9,10,1868
440730,1112,497,44.69,russian,2,8,487
440900,5194,2879,55.43,schinese,4,3,2872
444090,6299,2175,34.53,russian,14,0,2161
445220,3871,2520,65.1,german,2,4,2514
445720,895,317,35.42,russian,1,3,313
446540,270,221,81.85,schinese,0,4,217
447820,3528,2132,60.43,schinese,4,1,2127
448240,412,361,87.62,russian,1,1,359
448320,1596,294,18.42,russian,6,1,287
448850,2148,1842,85.75,german,1,2,1839
449210,767,358,46.68,brazilian,2,3,353
451600,364,265,72.8,german,0,2,263
451840,737,633,85.89,german,1,0,632
452060,4527,2209,48.8,schinese,11,11,2187
453090,1866,1332,71.38,german,0,0,1332
454070,312,189,60.58,russian,1,2,186
454120,6747,4750,70.4,russian,11,17,4722
454140,370,238,64.32,german,0,0,238
454180,224,99,44.2,russian,0,2,97
454350,1935,1001,51.73,german,2,1,998
454540,812,293,36.08,russian,6,3,284
4551040,629,538,85.53,russian,1,2,535
455300,601,198,32.95,russian,3,3,192
457010,535,175,32.71,russian,1,1,173
458520,241,140,58.09,russian,0,1,139
458660,279,112,40.14,russian,2,3,107
458830,328,186,56.71,schinese,1,1,184
461430,4241,3665,86.42,german,0,29,3636
462940,289,173,59.86,schinese,0,0,173
464100,398,175,43.97,russian,1,0,174
464350,2082,1332,63.98,schinese,7,3,1322
465200,2896,1032,35.64,schinese,8,10,1014
465240,1434,886,61.79,schinese,2,1,883
466110,1021,479,46.91,schinese,2,2,475
466660,677,575,84.93,russian,1,4,570
466980,350,177,50.57,german,0,1,176
467820,702,614,87.46,russian,0,1,613
468070,314,234,74.52,russian,1,4,229
468920,1121,451,40.23,schinese,2,0,449
469600,4407,2437,55.3,german,8,7,2422
469820,1763,1036,58.76,russian,3,2,1031
473770,3724,3134,84.16,french,1,18,3115
481870,1281,452,35.28,russian,7,12,433
484350,233,177,75.97,german,1,0,176
485310,1739,499,28.69,russian,1,11,487
487000,2303,960,41.68,russian,2,0,958
487120,5892,3563,60.47,russian,3,4,3556
488310,3272,2232,68.22,schinese,1,5,2226
488430,305,255,83.61,russian,1,1,253
488440,1432,641,44.76,russian,5,4,632
488550,1078,699,64.84,russian,2,8,689
489240,350,167,47.71,russian,1,2,164
489380,507,435,85.8,german,0,0,435
489520,6327,2939,46.45,schinese,10,2,2927
489940,3089,2051,66.4,french,2,1,2048
490920,2080,1176,56.54,german,0,3,1173
493520,4569,2458,53.8,schinese,2,6,2450
495350,284,156,54.93,russian,2,1,153
495580,251,185,73.71,russian,1,6,178
496240,5173,4387,84.81,german,3,25,4359
496550,490,278,56.73,russian,1,3,274
499660,2613,1396,53.43,schinese,5,1,1390
500710,1842,467,25.35,russian,6,5,456
503350,2863,1137,39.71,russian,9,8,1120
503770,656,439,66.92,russian,4,0,435
504370,5733,2392,41.72,schinese,9,1,2382
505460,6146,4197,68.29,russian,5,15,4177
505740,740,514,69.46,schinese,0,0,514
506500,3469,603,17.38,turkish,3,6,594
506730,791,370,46.78,russian,4,10,356
508440,6099,3679,60.32,schinese,5,28,3646
508550,1888,1067,56.51,turkish,1,4,1062
508790,572,371,64.86,spanish,1,0,370
509580,1640,1030,62.8,schinese,1,0,1029
509980,3300,2353,71.3,russian,0,0,2353
510500,1758,1353,76.96,german,1,4,1348
510840,950,337,35.47,russian,1,4,332
511800,1769,449,25.38,schinese,4,5,440
512020,277,112,40.43,russian,3,5,104
512160,399,89,22.31,russian,1,4,84
512220,455,381,83.74,schinese,1,1,379
512900,3233,1959,60.59,schinese,4,3,1952
513560,2262,819,36.21,schinese,7,7,805
513710,7065,2179,30.84,schinese,13,4,2162
518040,237,124,52.32,brazilian,1,0,123
518150,7013,5149,73.42,brazilian,7,27,5115
519190,1295,420,32.43,russian,3,0,417
519860,2292,1931,84.25,russian,6,3,1922
520010,1130,1021,90.35,german,0,3,1018
520860,436,203,46.56,russian,2,6,195
520950,2451,1253,51.12,polish,1,12,1240
521920,506,241,47.63,russian,1,5,235
521950,275,153,55.64,schinese,0,1,152
523660,4384,3472,79.2,spanish,5,14,3453
523740,319,98,30.72,russian,2,3,93
525640,514,434,84.44,german,0,0,434
526160,4639,1244,26.82,schinese,12,0,1232
526870,6700,3934,58.72,russian,7,0,3927
527230,2124,1077,50.71,schinese,1,0,1076
527430,2305,1315,57.05,russian,1,0,1314
527700,537,434,80.82,german,0,2,432
528460,535,176,32.9,russian,1,2,173
528550,1115,883,79.19,russian,1,2,880
529180,2747,1345,48.96,russian,2,0,1343
529240,605,290,47.93,russian,3,3,284
529520,858,818,95.34,russian,0,1,817
531270,359,293,81.62,french,1,1,291
531640,7032,4683,66.6,schinese,12,11,4660
538100,3058,1506,49.25,russian,5,4,1497
539400,436,150,34.4,schinese,0,0,150
541300,6695,3526,52.67,russian,10,4,3512
541930,324,283,87.35,german,0,2,281
544390,1257,974,77.49,german,0,5,969
544550,92,67,72.83,russian,1,1,65
544810,4246,1358,31.98,schinese,5,0,1353
544920,3809,2102,55.19,russian,4,7,2091
546930,624,255,40.87,russian,2,6,247
548430,6400,4586,71.66,schinese,3,1,4582
550650,5567,1691,30.38,russian,8,0,1683
551170,3088,1835,59.42,schinese,23,16,1796
551700,341,284,83.28,russian,1,0,283
552080,1184,1009,85.22,german,0,2,1007
552100,6632,3845,57.98,russian,14,19,3812
552110,531,445,83.8,russian,0,4,441
552450,752,508,67.55,russian,1,0,507
552990,3487,1045,29.97,schinese,14,0,1031
555000,4071,1523,37.41,schinese,10,6,1507
555050,291,134,46.05,schinese,1,0,133
555160,4058,3045,75.04,russian,6,3,3036
558100,6957,2068,29.73,schinese,9,6,2053
559650,3724,1014,27.23,schinese,10,4,1000
562270,459,143,31.15,russian,2,2,139
564050,1990,475,23.87,german,1,1,473
564210,239,66,27.62,russian,3,4,59
564230,3326,2645,79.52,japanese,2,12,2631
566530,303,267,88.12,german,1,0,266
566860,1425,1217,85.4,german,2,1,1214
569530,672,451,67.11,french,0,1,450
570980,488,21,4.3,schinese,0,0,21
571740,4397,2288,52.04,spanish,0,5,2283
572220,1426,1191,83.52,brazilian,1,0,1190
573090,5720,4314,75.42,russian,8,29,4277
573410,1553,1331,85.71,schinese,4,2,1325
573490,410,317,77.32,french,0,0,317
574080,793,291,36.7,russian,0,3,288
574180,802,437,54.49,russian,1,0,436
574980,4500,3159,70.2,spanish,5,9,3145
575050,595,16,2.69,schinese,2,1,13
575950,939,346,36.85,russian,3,8,335
576480,238,60,25.21,russian,0,1,59
577410,295,242,82.03,russian,1,1,240
578080,5696,1690,29.67,schinese,13,0,1677
579840,993,565,56.9,hungarian,1,2,562
580040,949,558,58.8,russian,3,2,553
582330,951,440,46.27,schinese,65,1,374
584890,285,108,37.89,russian,0,1,107
585190,209,123,58.85,schinese,0,0,123
585420,2523,1625,64.41,schinese,4,7,1614
585710,2622,921,35.13,schinese,5,9,907
588120,254,118,46.46,russian,1,3,114
588440,837,246,29.39,russian,7,4,235
589290,3518,2156,61.28,schinese,4,3,2149
589320,402,67,16.67,schinese,1,1,65
589370,206,39,18.93,spanish,0,0,39
591790,229,190,82.97,russian,0,2,188
593600,1474,525,35.62,schinese,1,1,523
594490,286,195,68.18,schinese,1,4,190
594650,5936,2889,48.67,schinese,9,1,2879
595770,412,263,63.83,schinese,0,1,262
595960,236,161,68.22,german,0,0,161
597150,833,330,39.62,schinese,1,1,328
597170,5447,3351,61.52,russian,7,12,3332
597230,998,482,48.3,russian,3,6,473
598780,688,315,45.78,russian,2,2,311
598960,2806,1103,39.31,czech,6,5,1092
599080,2883,2132,73.95,russian,6,7,2119
600120,356,275,77.25,brazilian,2,4,269
600460,391,259,66.24,russian,0,1,258
602960,6623,3437,51.89,russian,17,5,3415
603350,222,97,43.69,schinese,3,3,91
604240,578,407,70.42,brazilian,0,1,406
604500,3207,918,28.62,russian,15,3,900
605740,3323,2040,61.39,german,0,6,2034
606230,2162,1408,65.12,russian,3,3,1402
608110,268,207,77.24,russian,0,0,207
608990,1067,480,44.99,russian,4,4,472
610380,1608,250,15.55,turkish,1,2,247
611160,1370,1026,74.89,german,2,1,1023
611500,3873,2000,51.64,russian,8,3,1989
612570,999,598,59.86,russian,2,3,593
612930,867,414,47.75,schinese,4,0,410
613730,1038,252,24.28,russian,6,1,245
613900,439,276,62.87,russian,1,4,271
616830,545,236,43.3,russian,3,3,230
618740,2261,1257,55.59,schinese,3,7,1247
618850,528,354,67.05,german,0,0,354
619310,256,99,38.67,russian,1,2,96
620980,3441,2493,72.45,schinese,2,3,2488
622040,436,322,73.85,russian,1,0,321
623340,1425,930,65.26,russian,2,1,927
625340,7926,2422,30.56,russian,16,13,2393
632300,4254,1221,28.7,schinese,12,2,1207
632360,5800,4323,74.53,schinese,5,0,4318
633080,1279,494,38.62,schinese,1,2,491
633460,3740,2089,55.86,russian,9,1,2079
635260,1400,600,42.86,russian,1,1,598
640050,448,23,5.13,turkish,0,0,23
640340,265,140,52.83,russian,1,0,139
640700,100,38,38.0,russian,1,1,36
641780,4465,2511,56.24,schinese,10,17,2484
643980,270,186,68.89,russian,1,4,181
644480,277,180,64.98,japanese,1,1,178
646200,1214,883,72.73,german,1,1,881
653120,354,230,64.97,german,0,2,228
655500,2400,1886,78.58,french,0,1,1885
655740,379,118,31.13,schinese,2,0,116
655780,549,326,59.38,russian,1,4,321
657090,374,157,41.98,schinese,1,0,156
658160,293,198,67.58,german,1,0,197
658470,590,160,27.12,schinese,1,2,157
661130,2408,2047,85.01,schinese,4,9,2034
661920,263,191,72.62,russian,0,0,191
667530,2590,1392,53.75,russian,10,0,1382
667970,2231,1923,86.19,german,1,3,1919
668430,325,233,71.69,french,0,0,233
669330,3902,2067,52.97,schinese,6,7,2054
670260,896,779,86.94,japanese,0,2,777
671510,3385,1193,35.24,russian,10,0,1183
671610,2316,1516,65.46,russian,2,5,1509
671860,1100,474,43.09,russian,1,0,473
673190,323,143,44.27,schinese,0,3,140
673750,3082,624,20.25,russian,17,2,605
673950,2116,639,30.2,schinese,3,1,635
674020,5951,2221,37.32,russian,12,7,2202
676500,547,380,69.47,russian,0,2,378
677480,851,589,69.21,french,0,2,587
681280,1139,681,59.79,schinese,2,2,677
681390,834,468,56.12,schinese,1,0,467
682290,883,415,47.0,russian,1,4,410
682450,249,209,83.94,schinese,0,0,209
684200,979,931,95.1,spanish,1,3,927
684580,2234,1230,55.06,turkish,0,3,1227
685240,678,518,76.4,russian,1,1,516
686200,642,262,40.81,schinese,1,0,261
686260,1112,692,62.23,german,1,1,690
686810,6200,3707,59.79,schinese,5,2,3700
691390,310,41,13.23,schinese,1,0,40
691730,543,309,56.91,russian,2,3,304
692890,5966,4491,75.28,schinese,7,8,4476
696370,3237,1180,36.45,polish,7,8,1165
698260,433,373,86.14,german,0,1,372
705040,2415,1715,71.01,russian,2,5,1708
706020,1332,638,47.9,russian,1,2,635
706990,1969,574,29.15,russian,3,0,571
707010,2861,828,28.94,russian,6,0,822
710170,214,86,40.19,schinese,1,0,85
711810,4399,1883,42.81,russian,8,9,1866
713460,247,228,92.31,spanish,0,4,224
715400,2984,1179,39.51,schinese,5,2,1172
716350,1408,576,40.91,russian,10,4,562
718560,3808,2678,70.33,french,2,8,2668
718650,2007,1089,54.26,schinese,0,8,1081
719890,53,32,60.38,russian,0,0,32
720620,5179,3989,77.02,brazilian,5,16,3968
722180,1796,1350,75.17,german,3,3,1344
722960,3586,480,13.39,russian,24,1,455
724300,696,328,47.13,schinese,2,0,326
725100,315,167,53.02,french,1,2,164
725480,2886,2653,91.93,spanish,3,6,2644
733460,638,254,39.81,schinese,2,0,252
734580,2867,953,33.24,russian,6,5,942
736590,1199,670,55.88,russian,4,0,666
739630,2100,607,28.9,russian,5,0,602
742460,330,294,89.09,french,1,2,291
744900,2986,1317,44.11,schinese,4,1,1312
745920,3388,1974,58.26,schinese,0,2,1972
746940,355,187,52.68,japanese,2,0,185
748370,1408,937,66.55,schinese,0,0,937
748940,1618,766,47.34,russian,1,4,761
750470,521,387,74.28,russian,1,3,383
752900,767,597,77.84,brazilian,0,1,596
752910,316,250,79.11,russian,2,0,248
753650,22,16,72.73,russian,0,0,16
760630,210,104,49.52,french,0,0,104
760640,1104,555,50.27,french,0,2,553
760650,2596,1570,60.48,german,1,7,1562
762560,368,143,38.86,brazilian,1,3,139
763890,4552,3453,75.86,schinese,9,7,3437
764570,1326,457,34.46,spanish,2,9,446
764920,899,352,39.15,schinese,0,0,352
766570,4713,764,16.21,schinese,5,3,756
768200,1395,741,53.12,russian,1,2,738
770100,879,704,80.09,french,0,4,700
773430,239,92,38.49,russian,0,0,92
773520,414,78,18.84,schinese,2,2,74
773840,471,319,67.73,german,1,0,318
774181,4575,1867,40.81,schinese,12,3,1852
774801,1200,1012,84.33,russian,0,2,1010
774861,2392,904,37.79,schinese,4,2,898
777470,233,217,93.13,german,0,0,217
777770,456,249,54.61,german,1,1,247
779100,215,150,69.77,russian,0,0,150
780290,4506,3443,76.41,schinese,1,8,3434
781030,744,317,42.61,koreana,3,3,311
787040,517,112,21.66,spanish,1,1,110
790710,5621,2484,44.19,schinese,10,25,2449
792200,379,38,10.03,russian,2,2,34
792710,1136,834,73.42,schinese,1,5,828
794860,830,568,68.43,french,0,0,568
797400,1493,870,58.27,german,1,6,863
797410,1580,559,35.38,schinese,6,8,545
799500,318,82,25.79,brazilian,0,1,81
799600,1271,778,61.21,schinese,0,2,776
801550,3390,2893,85.34,russian,5,4,2884
805270,692,291,42.05,russian,2,3,286
805550,1773,793,44.73,german,3,1,789
805850,2265,1298,57.31,schinese,2,4,1292
810040,1189,996,83.77,german,0,5,991
814370,2198,1349,61.37,schinese,2,2,1345
822240,3575,2643,73.93,brazilian,8,8,2627
822800,846,106,12.53,schinese,2,0,104
823950,2024,1328,65.61,thai,8,4,1316
824070,620,542,87.42,russian,0,0,542
829590,6460,2262,35.02,schinese,10,7,2245
829660,2883,1003,34.79,brazilian,32,3,968
830370,1044,775,74.23,schinese,0,1,774
830820,1296,740,57.1,russian,3,2,735
833090,821,761,92.69,german,0,0,761
834910,2655,1587,59.77,russian,3,0,1584
835570,4695,623,13.27,schinese,17,2,604
835650,972,368,37.86,schinese,0,0,368
838410,269,203,75.46,russian,2,0,201
839420,276,104,37.68,russian,0,1,103
839630,1550,247,15.94,schinese,2,1,244
839910,1349,973,72.13,schinese,1,4,968
840140,3519,186,5.29,schinese,7,0,179
840800,6294,3330,52.91,german,3,4,3323
842780,2381,926,38.89,schinese,5,8,913
843380,5977,2719,45.49,schinese,13,8,2698
844330,481,328,68.19,german,2,1,325
844870,2292,837,36.52,schinese,3,2,832
845890,1458,1225,84.02,schinese,0,0,1225
846770,3384,1585,46.84,german,3,5,1577
848050,567,357,62.96,spanish,0,1,356
851800,3020,54,1.79,schinese,6,1,47
852780,458,85,18.56,italian,2,1,82
853450,1301,835,64.18,japanese,1,3,831
857940,499,15,3.01,schinese,0,0,15
860020,865,561,64.86,russian,0,0,561
861050,660,267,40.45,thai,10,2,255
862800,2951,2636,89.33,russian,1,17,2618
863400,226,152,67.26,russian,1,3,148
867210,2764,1472,53.26,russian,10,2,1460
868080,347,194,55.91,polish,0,1,193
868150,369,286,77.51,russian,0,0,286
871930,897,547,60.98,schinese,3,1,543
871990,625,178,28.48,russian,2,1,175
872670,1600,1045,65.31,schinese,1,0,1044
873220,337,89,26.41,russian,1,1,87
873840,2463,611,24.81,turkish,2,2,607
875760,246,174,70.73,german,0,0,174
876650,2009,1320,65.7,brazilian,2,5,1313
877010,1131,638,56.41,german,3,2,633
877200,4937,3865,78.29,german,3,16,3846
877850,351,243,69.23,spanish,1,2,240
878380,4033,387,9.6,schinese,10,4,373
879160,4320,1832,42.41,russian,17,4,1811
882140,1332,1043,78.3,german,1,6,1036
884660,5977,2337,39.1,russian,15,9,2313
885000,1666,1267,76.05,german,1,5,1261
885570,1780,69,3.88,french,3,4,62
886250,4948,4244,85.77,german,4,17,4223
887570,4378,3790,86.57,schinese,1,13,3776
890550,3546,3181,89.71,russian,0,14,3167
892970,1900,535,28.16,russian,1,0,534
895400,4475,2045,45.7,russian,3,3,2039
895670,698,413,59.17,russian,2,7,404
898580,482,379,78.63,german,0,1,378
898920,5077,4563,89.88,german,2,17,4544
899770,6575,3834,58.31,schinese,8,9,3817
903730,394,225,57.11,russian,2,4,219
903950,2022,1227,60.68,russian,2,0,1225
905970,614,474,77.2,russian,1,0,473
906870,1475,471,31.93,schinese,3,2,466
906930,363,237,65.29,schinese,0,2,235
908070,466,388,83.26,german,0,2,386
908740,496,291,58.67,german,1,3,287
909380,312,4,1.28,schinese,2,0,2
910490,3491,1522,43.6,schinese,3,4,1515
913550,2999,20,0.67,schinese,3,1,16
914260,2233,905,40.53,russian,2,3,900
915460,2204,1028,46.64,russian,17,5,1006
915810,7545,4516,59.85,schinese,18,34,4464
916930,931,201,21.59,brazilian,0,0,201
917950,1442,1348,93.48,german,0,5,1343
918570,2960,1522,51.42,schinese,3,1,1518
919360,1599,1026,64.17,russian,7,2,1017
922450,253,55,21.74,schinese,1,2,52
923370,280,243,86.79,russian,3,2,238
926390,537,139,25.88,schinese,2,2,135
926540,383,282,73.63,schinese,0,1,281
926990,3772,3325,88.15,russian,2,3,3320
931650,476,113,23.74,russian,2,4,107
936720,2027,1598,78.84,spanish,0,8,1590
939000,274,221,80.66,russian,1,0,220
939100,2519,1221,48.47,schinese,5,1,1215
941460,3712,2834,76.35,german,3,6,2825
942200,275,93,33.82,french,0,0,93
946610,604,152,25.17,russian,1,0,151
946880,218,56,25.69,brazilian,0,0,56
951440,35,24,68.57,russian,1,0,23
953880,4374,2658,60.77,brazilian,10,17,2631
956680,4109,2469,60.09,schinese,8,6,2455
957790,1623,1221,75.23,german,0,3,1218
957960,1204,523,43.44,schinese,4,1,518
960170,2942,513,17.44,koreana,12,0,501
961200,2843,1889,66.44,german,5,4,1880
962130,5941,3294,55.45,schinese,2,3,3289
962730,4333,3198,73.81,brazilian,3,12,3183
963930,4674,3488,74.63,schinese,6,14,3468
964800,4858,3648,75.09,russian,9,8,3631
965580,5452,3583,65.72,schinese,10,12,3561
965590,438,306,69.86,spanish,1,6,299
976890,5061,2219,43.85,russian,7,8,2204
977390,432,250,57.87,schinese,0,1,249
979640,3697,2522,68.22,schinese,2,7,2513
980610,2567,1685,65.64,spanish,3,6,1676
983870,3903,2357,60.39,german,4,11,2342
989440,2236,1594,71.29,schinese,5,11,1578
990920,454,66,14.54,schinese,0,0,66
991780,1800,15,0.83,schinese,1,0,14
992910,1226,911,74.31,german,2,2,907
995050,613,314,51.22,french,0,1,313
997010,2936,1513,51.53,schinese,3,3,1507
999860,1535,1281,83.45,russian,1,9,1271
1107320,3398,2898,85.29,russian,1,9,2888
1797880,4490,1115,24.83,russian,6,2,1107
1812450,800,326,40.75,russian,0,0,326
206500,4623,2584,55.89,russian,17,1,2566
436520,4798,2100,43.77,russian,11,2,2087
444930,2267,1341,59.15,russian,4,14,1323
605230,1855,1177,63.45,russian,7,4,1166
700030,7344,2846,38.75,russian,12,5,2829
764050,2583,1825,70.65,russian,2,5,1818
815370,3850,1472,38.23,schinese,3,3,1466
2051620,4925,2609,52.97,russian,14,2,2593
326160,3174,2338,73.66,russian,3,4,2331
363360,1663,1082,65.06,russian,2,0,1080
1033410,272,201,73.9,russian,1,4,196
1066890,1171,611,52.18,brazilian,0,2,609
108600,4400,1498,34.05,russian,2,0,1496
1120480,1883,1288,68.4,russian,0,7,1281
1134100,3904,1779,45.57,german,5,1,1773
1144200,5900,3248,55.05,schinese,8,1,3239
1168870,780,217,27.82,brazilian,0,1,216
1292040,2179,1887,86.6,russian,1,6,1880
1304090,260,220,84.62,spanish,0,1,219
1306570,241,181,75.1,russian,1,2,178
1308950,248,67,27.02,russian,0,1,66
1311570,400,357,89.25,russian,0,0,357
1343620,354,251,70.9,russian,0,0,251
1384320,357,303,84.87,russian,2,4,297
1455910,752,47,6.25,schinese,0,2,45
1488560,923,918,99.46,french,0,2,916
1491000,4825,2296,47.59,russian,23,14,2259
1559680,767,561,73.14,koreana,2,7,552
1568620,407,304,74.69,german,1,2,301
1635450,7621,2121,27.83,koreana,38,8,2075
1641670,585,90,15.38,schinese,1,0,89
1644490,1956,564,28.83,russian,4,5,555
1683150,3503,3102,88.55,german,0,20,3082
1704080,254,213,83.86,russian,0,0,213
1755350,1090,458,42.02,turkish,3,1,454
1781750,368,292,79.35,russian,0,3,289
1790340,335,79,23.58,japanese,1,1,77
1851610,232,96,41.38,russian,1,0,95
1861610,3440,1927,56.02,russian,12,4,1911
1870320,341,291,85.34,german,0,2,289
1915550,809,475,58.71,schinese,2,0,473
1918970,470,196,41.7,schinese,1,0,195
1938050,524,309,58.97,german,1,1,307
1946300,213,153,71.83,turkish,0,3,150
1985930,832,452,54.33,turkish,0,2,450
1987080,1487,431,28.98,schinese,0,0,431
2191500,1776,940,52.93,german,0,2,938
2268560,314,209,66.56,russian,0,0,209
2294660,3550,1277,35.97,turkish,4,0,1273
2340870,567,413,72.84,french,0,1,412
236370,7873,5735,72.84,russian,13,8,5714
2438970,226,159,70.35,schinese,1,1,157
252490,8499,3863,45.45,russian,20,0,3843
2639420,359,311,86.63,french,0,4,307
2707940,928,276,29.74,russian,2,1,273
291860,4198,2618,62.36,schinese,3,2,2613
300260,400,248,62.0,russian,3,0,245
3060170,1077,210,19.5,koreana,6,1,203
3111080,1048,881,84.06,russian,4,4,873
311260,7977,2917,36.57,german,9,5,2903
3224420,2373,730,30.76,schinese,2,11,717
323220,5017,3118,62.15,koreana,6,16,3096
3241660,500,156,31.2,schinese,0,0,156
3267430,986,53,5.38,schinese,3,0,50
327860,2249,1733,77.06,russian,4,5,1724
3285700,876,304,34.7,russian,3,2,299
3328720,989,138,13.95,schinese,2,2,134
3385960,201,157,78.11,russian,0,1,156
3408110,683,209,30.6,russian,1,1,207
3487060,490,210,42.86,german,0,0,210
3501070,3868,1627,42.06,russian,5,10,1612
357330,1795,1597,88.97,russian,0,4,1593
360620,1512,849,56.15,german,2,3,844
3814570,205,5,2.44,schinese,2,0,3
382310,2943,1837,62.42,german,1,0,1836
3907880,204,50,24.51,brazilian,0,1,49
3919360,293,114,38.91,german,1,0,113
408900,7555,6210,82.2,spanish,13,38,6159
433850,6698,2080,31.05,schinese,25,0,2055
453690,660,396,60.0,german,0,2,394
466560,3053,1364,44.68,russian,4,1,1359
467760,311,171,54.98,schinese,0,1,170
490220,1223,650,53.15,russian,1,4,645
492150,550,357,64.91,russian,1,3,353
500260,2760,537,19.46,russian,13,3,521
555880,1714,1408,82.15,schinese,1,1,1406
587520,3473,1858,53.5,russian,6,10,1842
612470,3191,1148,35.98,russian,5,9,1134
618080,715,321,44.9,russian,3,3,315
622770,428,184,42.99,french,0,0,184
640150,766,546,71.28,russian,1,4,541
648800,6999,3364,48.06,schinese,7,0,3357
656240,2930,1847,63.04,german,0,3,1844
696220,1487,1210,81.37,russian,0,4,1206
704020,208,110,52.88,russian,2,2,106
704920,1757,217,12.35,russian,5,7,205
711980,1506,1189,78.95,german,1,6,1182
747200,4148,1349,32.52,schinese,7,9,1333
758690,3123,1502,48.09,german,1,6,1495
798840,1350,234,17.33,schinese,6,2,226
859580,2825,1774,62.8,schinese,0,2,1772
911430,1787,897,50.2,schinese,1,6,890
977510,237,164,69.2,schinese,0,0,164
981430,6004,2205,36.73,schinese,14,13,2178
