appid,n,toxicity_raw,toxicity_clean,sentiment_raw,sentiment_clean,toxicity_correlation,sentiment_correlation,toxicity_delta,sentiment_delta
215550,202,0.0759,0.0754,0.2205,0.1673,0.9998,0.9033,-0.0005,-0.0532
221100,1999,0.1031,0.102,0.2823,0.1506,0.9963,0.8084,-0.0011,-0.1317
223410,552,0.034,0.0337,0.4782,0.4642,0.9989,0.9759,-0.0003,-0.014
225600,2000,0.0684,0.0675,0.3364,0.2839,0.9979,0.9005,-0.0009,-0.0525
228380,1999,0.0389,0.039,0.562,0.5329,0.9986,0.9409,0.0001,-0.029
230190,1155,0.0177,0.0178,0.5651,0.5457,0.9965,0.9494,0.0001,-0.0194
230860,576,0.0409,0.0408,0.5573,0.5422,0.9968,0.9509,-0.0001,-0.0151
235800,2000,0.0288,0.0285,0.5592,0.5412,0.9969,0.9498,-0.0003,-0.018
236110,2000,0.0388,0.0383,0.5454,0.5007,0.9971,0.9022,-0.0005,-0.0448
236510,1999,0.1335,0.1308,0.1722,0.0668,0.9942,0.822,-0.0027,-0.1054
242860,1999,0.0565,0.056,0.4058,0.3644,0.9978,0.9342,-0.0005,-0.0414
244590,573,0.0653,0.0649,0.3625,0.3291,0.997,0.9245,-0.0004,-0.0334
246940,299,0.0523,0.052,0.1606,0.1298,0.9995,0.9436,-0.0004,-0.0308
248610,684,0.0302,0.0304,0.6305,0.6151,0.9977,0.9441,0.0002,-0.0153
251950,2000,0.0877,0.0869,0.2538,0.1811,0.9944,0.8659,-0.0008,-0.0726
265970,373,0.0263,0.0258,0.4072,0.3965,0.9988,0.9827,-0.0005,-0.0108
270150,1140,0.0604,0.0611,0.3976,0.3811,0.9978,0.9645,0.0007,-0.0165
290340,992,0.0166,0.0168,0.7185,0.7042,0.9802,0.958,0.0002,-0.0143
291550,2000,0.0631,0.0621,0.6123,0.53,0.9958,0.8156,-0.001,-0.0823
298050,1826,0.0204,0.0203,0.5507,0.5324,0.9994,0.9594,-0.0001,-0.0182
299480,266,0.0283,0.0292,0.4253,0.4091,0.986,0.9709,0.0009,-0.0162
299740,1999,0.0637,0.0633,0.4539,0.3915,0.9968,0.9061,-0.0004,-0.0624
320540,316,0.0429,0.0432,0.4461,0.4004,0.9957,0.8924,0.0002,-0.0457
327860,1724,0.0351,0.0348,0.4959,0.4628,0.998,0.9298,-0.0003,-0.0331
330270,179,0.0341,0.0343,0.3996,0.3903,0.9996,0.9815,0.0002,-0.0093
338810,279,0.0242,0.0239,0.4853,0.4587,0.9992,0.9229,-0.0002,-0.0266
340580,278,0.0244,0.0249,0.4789,0.4676,0.9951,0.9685,0.0005,-0.0113
342310,884,0.0536,0.0528,0.219,0.1596,0.9966,0.8911,-0.0008,-0.0594
342560,2000,0.025,0.0247,0.5455,0.5304,0.9964,0.9585,-0.0003,-0.0152
343630,201,0.082,0.0803,0.1767,0.1014,0.9931,0.872,-0.0017,-0.0753
344740,1270,0.0311,0.0299,0.4287,0.4029,0.984,0.9411,-0.0011,-0.0258
344760,1767,0.1112,0.1081,0.262,0.1105,0.9955,0.7791,-0.003,-0.1515
351100,677,0.0303,0.0299,0.3278,0.2989,0.9956,0.9478,-0.0004,-0.0289
351290,1602,0.1339,0.1324,0.1411,0.0201,0.9969,0.7944,-0.0015,-0.121
355180,1714,0.0716,0.0709,0.4527,0.404,0.9953,0.9094,-0.0007,-0.0487
361420,2000,0.0235,0.0228,0.6254,0.6028,0.9968,0.9423,-0.0007,-0.0226
363530,270,0.0494,0.0484,0.2,0.1465,0.998,0.9178,-0.0011,-0.0535
382260,337,0.0628,0.0628,0.5272,0.5034,0.9951,0.9345,0.0,-0.0238
383980,1634,0.0392,0.0385,0.5992,0.5734,0.9966,0.9354,-0.0006,-0.0258
384500,490,0.0339,0.0341,0.4924,0.4798,0.9992,0.9615,0.0002,-0.0126
384960,251,0.0425,0.0414,0.4426,0.4117,0.9971,0.9324,-0.0012,-0.0309
385380,1103,0.023,0.0231,0.4944,0.4809,0.9988,0.9657,0.0001,-0.0135
390560,1516,0.0664,0.065,0.4862,0.4273,0.9954,0.8751,-0.0013,-0.059
391460,1426,0.1182,0.1142,0.3101,0.1893,0.9898,0.8005,-0.004,-0.1208
396900,2000,0.026,0.0258,0.5244,0.5002,0.9966,0.9397,-0.0002,-0.0242
408960,177,0.019,0.0187,0.4448,0.4166,0.9935,0.95,-0.0003,-0.0283
411980,233,0.0338,0.0336,0.4787,0.4622,0.9999,0.9694,-0.0002,-0.0165
416040,111,0.0985,0.0984,0.2442,0.1734,0.9895,0.8672,-0.0001,-0.0708
423810,291,0.0559,0.0552,0.49,0.4431,0.9954,0.884,-0.0006,-0.0469
435150,2000,0.0293,0.0288,0.7039,0.6772,0.9981,0.9264,-0.0005,-0.0266
438320,81,0.0178,0.0172,0.5701,0.5616,0.9964,0.9965,-0.0006,-0.0084
444930,1323,0.0244,0.0239,0.5567,0.5436,0.9964,0.959,-0.0004,-0.0131
445720,313,0.0618,0.0609,0.2628,0.2316,0.9986,0.926,-0.0009,-0.0312
448240,359,0.0637,0.064,0.2859,0.2571,0.9994,0.9502,0.0003,-0.0287
454350,998,0.0529,0.0525,0.2347,0.1828,0.9971,0.9181,-0.0004,-0.0519
457010,173,0.0291,0.0285,0.4845,0.4728,0.9985,0.9795,-0.0006,-0.0117
458830,184,0.0213,0.0212,0.3455,0.3369,0.9999,0.9688,-0.0001,-0.0085
465240,883,0.0469,0.0468,0.493,0.4789,0.9988,0.9699,-0.0001,-0.0141
466660,570,0.0364,0.0358,0.5296,0.5108,0.9989,0.9614,-0.0006,-0.0189
469820,1031,0.1634,0.1628,0.5601,0.451,0.9934,0.7747,-0.0006,-0.1092
473770,2000,0.03,0.0302,0.6159,0.6008,0.9875,0.9612,0.0002,-0.0151
481870,433,0.0438,0.0423,0.2788,0.2536,0.9921,0.9406,-0.0015,-0.0253
500260,521,0.0929,0.0898,0.4244,0.3952,0.9896,0.9317,-0.0031,-0.0293
503770,435,0.0337,0.0337,0.5774,0.576,0.9999,0.9883,-0.0,-0.0014
504370,1999,0.0445,0.0437,0.6101,0.5685,0.9962,0.9053,-0.0009,-0.0415
510500,1348,0.0207,0.0205,0.4963,0.4792,0.9991,0.9521,-0.0002,-0.0171
518040,123,0.0141,0.0142,0.5572,0.5479,1.0,0.9699,0.0001,-0.0092
526160,1232,0.0503,0.0497,0.4335,0.3927,0.9982,0.9202,-0.0007,-0.0408
541300,2000,0.0516,0.0512,0.405,0.3684,0.997,0.9293,-0.0003,-0.0366
558100,2000,0.0391,0.0384,0.4281,0.3983,0.9966,0.9301,-0.0007,-0.0298
564210,59,0.0533,0.0526,0.2728,0.2401,0.9999,0.9197,-0.0006,-0.0327
575950,335,0.0897,0.0887,0.2465,0.2235,0.9926,0.9616,-0.001,-0.0231
585190,123,0.0299,0.0315,0.4909,0.4818,0.9766,0.9792,0.0017,-0.0091
589290,2000,0.0627,0.0619,0.3898,0.338,0.9978,0.8973,-0.0008,-0.0518
594490,190,0.0174,0.0172,0.5261,0.5184,0.9992,0.9697,-0.0002,-0.0077
602960,2000,0.0706,0.07,0.3856,0.3345,0.9911,0.9044,-0.0005,-0.0511
611160,1023,0.0251,0.0251,0.4917,0.4745,0.9739,0.9689,0.0001,-0.0173
661920,191,0.024,0.0232,0.5437,0.5048,0.9989,0.8993,-0.0009,-0.0389
673190,140,0.0153,0.0154,0.4755,0.4673,1.0,0.994,0.0001,-0.0083
691390,40,0.0189,0.0199,0.4357,0.457,0.9995,0.9744,0.001,0.0213
698260,372,0.017,0.017,0.4763,0.4724,1.0,0.9886,0.0,-0.0039
707010,822,0.064,0.0629,0.3772,0.2991,0.9958,0.8819,-0.001,-0.0781
710170,85,0.0311,0.0296,0.4165,0.4051,0.9967,0.9872,-0.0015,-0.0115
725480,2000,0.0859,0.0844,0.4834,0.4546,0.9951,0.9205,-0.0014,-0.0289
773430,92,0.0059,0.0067,0.6813,0.6799,0.9792,0.9995,0.0008,-0.0014
799500,81,0.1569,0.1509,0.2307,0.1184,0.9963,0.8226,-0.006,-0.1123
823950,1316,0.0199,0.0197,0.3894,0.3697,0.9973,0.9495,-0.0002,-0.0197
835570,604,0.0492,0.0478,0.3588,0.3159,0.9973,0.8876,-0.0014,-0.0428
848050,356,0.0341,0.0341,0.4578,0.4391,0.9998,0.9523,0.0001,-0.0187
861050,255,0.0747,0.0746,0.2498,0.1866,0.9991,0.8736,-0.0001,-0.0632
873840,607,0.0315,0.0309,0.4987,0.4825,0.997,0.9644,-0.0005,-0.0162
875760,174,0.0171,0.0174,0.5748,0.5548,0.999,0.9615,0.0003,-0.02
877200,2000,0.0474,0.0467,0.3522,0.322,0.9939,0.9386,-0.0007,-0.0302
885000,1261,0.0211,0.0211,0.6763,0.6704,0.9991,0.9788,-0.0,-0.0059
885570,62,0.0562,0.0553,0.0786,0.0166,0.9967,0.7619,-0.0008,-0.062
890550,2000,0.0422,0.0417,0.457,0.4335,0.9989,0.9373,-0.0006,-0.0235
892970,534,0.0223,0.0218,0.5108,0.4576,0.9965,0.908,-0.0005,-0.0531
915460,1006,0.1104,0.1104,0.3938,0.3536,0.9963,0.9051,-0.0001,-0.0402
918570,1518,0.0379,0.037,0.4778,0.4329,0.9961,0.9083,-0.0009,-0.0449
931650,107,0.0694,0.0701,0.3368,0.2993,0.9997,0.91,0.0007,-0.0375
965590,299,0.006,0.006,0.6903,0.6879,1.0,0.9971,-0.0,-0.0024
976890,2000,0.0417,0.0414,0.3243,0.2936,0.9984,0.9368,-0.0002,-0.0307
991780,14,0.0527,0.0673,0.0264,0.0264,1.0,1.0,0.0146,0.0
997010,1507,0.0264,0.0259,0.3838,0.3659,0.9979,0.9612,-0.0004,-0.0178
1018830,1892,0.017,0.0168,0.5488,0.5432,0.9981,0.9752,-0.0003,-0.0056
1057640,780,0.0292,0.0291,0.4835,0.4773,0.9987,0.9476,-0.0001,-0.0062
1066130,29,0.0611,0.061,0.3585,0.3585,1.0,1.0,-0.0,0.0
1078200,348,0.0328,0.0332,0.5845,0.565,0.994,0.9375,0.0005,-0.0195
1079620,584,0.0178,0.0176,0.4304,0.4195,0.9998,0.9751,-0.0002,-0.0109
1088090,2000,0.0415,0.0409,0.4142,0.3871,0.9947,0.9444,-0.0006,-0.0271
1125240,1452,0.0349,0.035,0.5369,0.519,0.9921,0.9532,0.0001,-0.018
1131620,1622,0.0229,0.0229,0.5785,0.5724,0.9996,0.9822,-0.0,-0.0061
1138100,90,0.0701,0.0701,0.3594,0.3466,1.0,0.9761,0.0,-0.0128
1151130,92,0.0243,0.0241,0.3927,0.3715,0.9997,0.9512,-0.0003,-0.0213
1163740,336,0.0212,0.0212,0.666,0.6613,1.0,0.9884,-0.0,-0.0047
1166990,202,0.0286,0.0287,0.6328,0.6238,0.9999,0.973,0.0001,-0.009
1170950,1721,0.0518,0.0513,0.3097,0.2462,0.995,0.8983,-0.0005,-0.0635
1182020,2000,0.0887,0.0878,0.357,0.3159,0.9978,0.9035,-0.0009,-0.0411
1190150,904,0.0654,0.0646,0.3671,0.3413,0.9973,0.9253,-0.0007,-0.0259
1200770,745,0.035,0.0344,0.4244,0.4086,0.9982,0.961,-0.0005,-0.0158
1201550,328,0.014,0.0138,0.555,0.5537,0.9991,0.9919,-0.0002,-0.0013
1206290,235,0.053,0.0526,0.4069,0.3808,0.9995,0.9272,-0.0004,-0.0261
1244910,74,0.0195,0.019,0.483,0.4743,0.9989,0.9905,-0.0006,-0.0088
1264970,255,0.01,0.0099,0.698,0.6964,1.0,0.9977,-0.0,-0.0016
1276660,687,0.0239,0.0231,0.4343,0.4136,0.9927,0.9618,-0.0008,-0.0207
1280930,1220,0.0162,0.0162,0.6048,0.597,0.9985,0.9799,0.0,-0.0078
1292040,1880,0.0505,0.0503,0.4164,0.3928,0.9981,0.9478,-0.0002,-0.0237
1300700,136,0.0309,0.0309,0.3006,0.3029,1.0,0.9933,-0.0,0.0023
1315610,694,0.0417,0.0423,0.2096,0.1772,0.991,0.944,0.0006,-0.0324
1323900,246,0.0329,0.0324,0.3565,0.3447,0.9991,0.9769,-0.0005,-0.0118
1343070,865,0.0315,0.0312,0.3591,0.3308,0.9991,0.9458,-0.0003,-0.0282
1369770,155,0.0343,0.0337,0.5723,0.5453,0.9994,0.9329,-0.0005,-0.027
1371580,552,0.0448,0.0447,0.3138,0.2751,0.9967,0.9444,-0.0001,-0.0387
1401590,1925,0.015,0.0148,0.6194,0.6138,0.9978,0.9758,-0.0003,-0.0057
1419640,131,0.1038,0.1019,0.0531,-0.0271,0.996,0.7555,-0.0019,-0.0803
1419850,1529,0.0408,0.0405,0.5115,0.491,0.998,0.9586,-0.0002,-0.0205
1446890,658,0.073,0.0724,0.3107,0.2578,0.997,0.8632,-0.0006,-0.0529
1455900,258,0.0341,0.0344,0.4434,0.4492,0.9979,0.9872,0.0003,0.0057
1456200,1501,0.0807,0.0781,0.3124,0.2685,0.9904,0.9008,-0.0026,-0.0439
1482620,2000,0.2373,0.2355,0.3444,0.2877,0.9979,0.8312,-0.0018,-0.0567
1534840,2000,0.0361,0.0356,0.2703,0.2353,0.9982,0.9492,-0.0005,-0.035
1546930,235,0.079,0.0782,0.3489,0.3035,0.9982,0.8891,-0.0007,-0.0454
1559680,552,0.056,0.0556,0.3204,0.2896,0.9977,0.8884,-0.0004,-0.0308
1594880,302,0.0211,0.0209,0.4515,0.4411,0.9989,0.9806,-0.0003,-0.0104
1604030,2000,0.0413,0.0407,0.5503,0.5188,0.999,0.9275,-0.0007,-0.0315
1631270,92,0.0142,0.0132,0.5258,0.5312,0.9978,0.9939,-0.001,0.0054
1641960,2000,0.0158,0.0155,0.5284,0.5164,0.9989,0.9667,-0.0002,-0.012
1695840,1420,0.105,0.1046,0.2097,0.1249,0.9928,0.8442,-0.0004,-0.0848
1732430,726,0.0534,0.0528,0.3343,0.3015,0.9986,0.9321,-0.0006,-0.0328
1745680,151,0.074,0.0739,0.3987,0.3724,0.9999,0.934,-0.0001,-0.0262
1757300,195,0.0108,0.0104,0.4621,0.4452,0.9993,0.985,-0.0003,-0.0169
1763250,1999,0.0213,0.0212,0.4832,0.468,0.9974,0.9596,-0.0001,-0.0152
1807080,1361,0.0383,0.0378,0.4295,0.4009,0.9963,0.9308,-0.0005,-0.0286
1857950,137,0.0333,0.0329,0.5919,0.5838,0.9991,0.9803,-0.0004,-0.0081
1886120,126,0.0654,0.0642,0.2764,0.229,0.9995,0.8889,-0.0012,-0.0475
1890650,471,0.0346,0.034,0.4574,0.4435,0.9984,0.944,-0.0006,-0.0139
1918970,195,0.0317,0.033,0.5508,0.5394,0.9939,0.986,0.0012,-0.0114
1945250,603,0.0471,0.0465,0.4402,0.4167,0.9986,0.9101,-0.0007,-0.0234
1969870,58,0.0668,0.0643,0.3529,0.3048,0.9945,0.9263,-0.0026,-0.0481
1990050,663,0.0454,0.0451,0.3757,0.3641,0.9993,0.9595,-0.0003,-0.0116
2016590,303,0.0652,0.0634,0.2295,0.1583,0.9969,0.8999,-0.0018,-0.0712
2051620,2000,0.071,0.0702,0.3417,0.2776,0.9983,0.894,-0.0008,-0.0641
2070270,1020,0.0214,0.0212,0.601,0.5927,0.9979,0.9802,-0.0001,-0.0083
2075580,205,0.0135,0.0135,0.5334,0.5339,1.0,1.0,-0.0,0.0005
2078450,2000,0.0985,0.0981,0.3679,0.3524,0.9989,0.9542,-0.0005,-0.0155
2168260,368,0.012,0.012,0.6185,0.615,0.9995,0.9868,-0.0,-0.0035
2168810,8,0.002,0.002,0.0888,0.0746,0.9996,0.999,0.0,-0.0141
2216600,31,0.0101,0.0101,0.4287,0.4288,1.0,1.0,-0.0,0.0002
2271930,748,0.0259,0.0254,0.5093,0.5035,0.9979,0.9765,-0.0005,-0.0058
2275440,490,0.0199,0.0189,0.571,0.5397,0.9904,0.9153,-0.001,-0.0313
2285150,549,0.0411,0.041,0.2875,0.2726,0.9997,0.9678,-0.0001,-0.0149
2309400,286,0.0502,0.0504,0.4034,0.3567,0.9991,0.904,0.0002,-0.0466
2312280,386,0.0614,0.0619,0.3908,0.3767,0.9979,0.977,0.0005,-0.0141
2314160,1999,0.0933,0.0926,0.3521,0.3049,0.9983,0.891,-0.0007,-0.0472
2399830,293,0.0684,0.0667,0.3675,0.2454,0.9975,0.8272,-0.0017,-0.1222
2406770,295,0.0469,0.0451,0.383,0.3479,0.9978,0.9436,-0.0018,-0.0352
2437170,375,0.0745,0.0734,0.3175,0.2004,0.9902,0.847,-0.0011,-0.1171
2486740,1998,0.0329,0.0326,0.4858,0.4729,0.9995,0.9501,-0.0003,-0.0129
2503740,405,0.0402,0.0397,0.4305,0.4096,0.9961,0.9492,-0.0004,-0.0209
2505020,62,0.0814,0.0817,0.2483,0.1899,0.9993,0.8993,0.0004,-0.0585
2599370,367,0.0249,0.0247,0.6673,0.6563,0.9998,0.9633,-0.0002,-0.0111
2698870,346,0.0595,0.0588,0.4269,0.398,0.9991,0.9526,-0.0007,-0.0289
2703850,2000,0.0349,0.035,0.47,0.458,0.9976,0.9626,0.0001,-0.012
2708790,126,0.0461,0.0454,0.3214,0.3128,0.9992,0.9652,-0.0007,-0.0086
2761670,6,0.0014,0.0013,0.3036,0.2667,1.0,0.9934,-0.0,-0.0369
2764750,1155,0.0294,0.029,0.5834,0.569,0.9986,0.9591,-0.0004,-0.0144
2939600,255,0.026,0.0265,0.505,0.4851,0.9952,0.9459,0.0005,-0.0199
2961880,1999,0.0313,0.0311,0.4425,0.4295,0.9992,0.9627,-0.0002,-0.013
3053950,914,0.029,0.0292,0.4142,0.4099,0.9932,0.9784,0.0001,-0.0043
3164500,185,0.0343,0.0338,0.6428,0.6365,0.9899,0.9922,-0.0005,-0.0063
3199170,1368,0.0697,0.0677,0.3474,0.3038,0.9943,0.8848,-0.0019,-0.0436
3228590,1999,0.0302,0.0298,0.5374,0.5124,0.9978,0.9344,-0.0004,-0.0249
3336520,106,0.0098,0.01,0.6124,0.6171,0.9957,0.9966,0.0001,0.0047
3484640,311,0.0091,0.0082,0.7206,0.7121,0.9649,0.9567,-0.0009,-0.0085
3487060,210,0.032,0.032,0.3973,0.3752,1.0,0.9431,0.0001,-0.0221
3576880,163,0.0441,0.0437,0.5235,0.5017,0.9999,0.9582,-0.0004,-0.0218
3716600,204,0.0368,0.0357,0.3367,0.2764,0.9974,0.8925,-0.0011,-0.0603
3814570,3,0.0007,0.0007,0.4016,0.4016,0.9671,1.0,0.0001,0.0
4173620,308,0.0455,0.0452,0.5343,0.5246,0.9995,0.9546,-0.0003,-0.0097
4375230,20,0.0079,0.0079,0.4042,0.4042,1.0,1.0,0.0,0.0
