,mean_abs_shap
prp_p75_hours,0.7799211300173509
prp_median_hours,0.5610365976114311
ea_positive_share_trend,0.36771172467735797
playtime_at_review_median_hours,0.24470147079495877
pct_never_played_again,0.22804908221463455
ea_censored_rate,0.21907209509554987
ea_author_games_owned_median,0.14337855325544788
ea_toxicity_mean,0.09507685487215878
ea_reviews_per_day_collected,0.09053193957032443
ea_positive_share,0.08920134930939026
ea_duration_days,0.08233869947548754
ea_sentiment_mean,0.06332669441088445
n_ea_reviews_collected,0.052045696617392695
ea_toxicity_trend,0.03736025324728503
ea_share_edited,0.033759835784017214
ea_toxicity_share_above_half,0.018432981831280525
ea_author_review_count_median,0.01310888635898528
has_ea_positive_share_trend,0.0
has_ea_toxicity_trend,0.0
