appid,toxicity,insult,threat,sentiment_compound,review_text_clean
1604030,0.99853515625,0.9609375,0.007122039794921875,0.0128,"you can suck you enemies and let ur friends suck you. very cool, very nice"
558100,0.998046875,0.939453125,0.007175445556640625,-0.8041,You bastards! Gimme it back! I wanna play more! MORE! I DEMAND IT!
725480,0.998046875,0.82421875,0.01233673095703125,-0.4404,Slap that ass
1482620,0.998046875,0.85693359375,0.05389404296875,0.3612,You can slap my ass like that ball UWU <3
1604030,0.998046875,0.951171875,0.07342529296875,-0.7979,"because VAMPIRES! you get to build your castles, you have pvp and/or pve setup for your servers, which is really fun with friends! AND you suck suck s"
1695840,0.998046875,0.74560546875,0.070556640625,-0.128,Nun wont do stuff I will suck her wee wee play pacify
291550,0.99755859375,0.78173828125,0.006824493408203125,-0.3612,brawlhalla this d i c k because it sucks so much it f uc kin fuc ks
469820,0.99755859375,0.693359375,0.00653839111328125,0.9088,"What the f***? What in the honest to F*CKING F*CK did I just F*CKING PLAY! DEAR GOD, WHY IN THE HOLY HELL OF SATAN'S LEFT JUICY A**-PIPE DID I ACCEPT "
504370,0.99755859375,0.94384765625,0.03515625,-0.9124,do not play. full of virgins that have damn ass gay [censored] damn ass virgins that only play healers and hairy balls all game
725480,0.99755859375,0.83544921875,0.00426483154296875,-0.7184,sucks ass
885000,0.99755859375,0.87255859375,0.0038089752197265625,0.0,bing bong f*ck ya life
1200770,0.99755859375,0.83544921875,0.00426483154296875,-0.7184,sucks ass
1482620,0.99755859375,0.87451171875,0.056121826171875,-0.9201,[censored] stupid ass handball slap my nuts go [censored] yourself my dream is dead
1482620,0.99755859375,0.8349609375,0.0063629150390625,-0.7506,suck my ass
1482620,0.99755859375,0.81201171875,0.00600433349609375,-0.4404,slap some ass
1604030,0.99755859375,0.84375,0.004810333251953125,-0.5399,Good Suck suck!!
1695840,0.99755859375,0.83544921875,0.00426483154296875,-0.7184,sucks ass
221100,0.9970703125,0.69970703125,0.004383087158203125,-0.4404,Ate about 3 people and also made one suck my filthy toes. 10/10
251950,0.9970703125,0.55908203125,0.01861572265625,-0.6461,this game sucks so frigggggggggggggggggggggiiiiiiiiiiiiiiiiiiiinnnnnnnnnnnnnnnnnnnnnnnnnnn much cuz it wont friggin start ihate it so muchit sucks doo
344740,0.9970703125,0.9208984375,0.0020503997802734375,-0.8271,this piece of trash can suck my nuts (i am bad at the video game)
469820,0.9970703125,0.61083984375,0.0066680908203125,0.2975,get Fu*ked or be fu*ked kinda like being a women I guess...
725480,0.9970703125,0.865234375,0.0024433135986328125,-0.9001,"looks ass, plays ass, sucks ass"
725480,0.9970703125,0.7705078125,0.2578125,0.3254,ULTRA FISHBUNJIN 3000 WILL SLAP YOUR ASSSSSSSSSSSS
1604030,0.9970703125,0.71728515625,0.005279541015625,-0.4404,Give 'em that good suck suck
230860,0.99658203125,0.7763671875,0.0032978057861328125,-0.4404,suck
230860,0.99658203125,0.96923828125,0.0021648406982421875,-0.9274,"Stupid. Stupid, stupid, stupid."
383980,0.99658203125,0.84375,0.00679779052734375,-0.6876,OH THAT UPSMASH WOMBO COMBO? THAT AINT FALCO OH OH OHHHH OHHHHHH OHHHHHHHHH WOMBO COMBO!!!!! GET CHO ASS WHOOPED!!!!!!!!!!!!!!!!!!!!!!!!!!!!!!
411980,0.99658203125,0.7763671875,0.0032978057861328125,-0.4404,Suck
1206290,0.99658203125,0.94189453125,0.014617919921875,-0.6249,bRO this fat ass DOGLINS KEPp falling into WATER FACKING DOGLIN FAT DOG
1300700,0.99658203125,0.96728515625,0.0020999908447265625,-0.4404,YOU SUCK
1456200,0.99658203125,0.755859375,0.0029468536376953125,-0.7184,ts sucks ass
1695840,0.99658203125,0.77685546875,0.0032863616943359375,-0.4404,suck
2314160,0.99658203125,0.80419921875,0.5244140625,-0.875,- Be Me - Breach Door - See Enemy - Shoot Enemy - Miss every shot - Take out your knife - Try stabing hin - get f*cking pistolwiped from a NPC
2314160,0.99658203125,0.88916015625,0.53515625,-0.9592,ASS game ass dev team ass gameplay and ass community jarvis please kill your self
2314160,0.99658203125,0.70654296875,0.0038852691650390625,0.0258,sigh f*ckass dev
3716600,0.99658203125,0.5634765625,0.01142120361328125,0.1761,Yelling a** blast and suck my balls at people until they explode is more fun then i could describe.
236510,0.99609375,0.55029296875,0.007518768310546875,0.0,SUCKKKKKKKKYYYYYYYYYY
251950,0.99609375,0.95947265625,0.0017824172973632812,-0.4404,u suck
344760,0.99609375,0.79052734375,0.206298828125,-0.9698,"sucks ass, extremely laggy to where the PVP sucks and just dead. Stay away and these devs should be shun for their failures. To bad i reach more than "
454350,0.99609375,0.60400390625,0.004039764404296875,-0.7906,"Game facking sucks, Play Day of Infamy . WAAAAY better game.This game lags like hell, the combat is sluggish and it looks like crap"
